chain_id,residue_number,residue_identifier,amino_acid_3letter,amino_acid_1letter,binding_probability
A,184,A184,LEU,L,0.5785245299339294
A,185,A185,PRO,P,0.6779396533966064
A,186,A186,ASN,N,0.5484998226165771
A,187,A187,ASN,N,0.5251561999320984
A,188,A188,ILE,I,0.5199258327484131
A,190,A190,LEU,L,0.5032296776771545
A,209,A209,VAL,V,0.5256771445274353
A,236,A236,ARG,R,0.5098171830177307
A,249,A249,ILE,I,0.5982467532157898
A,270,A270,VAL,V,0.5359604954719543
A,275,A275,ASN,N,0.5563606023788452
A,278,A278,THR,T,0.7910578846931458
A,297,A297,VAL,V,0.96071457862854
A,298,A298,SER,S,0.9672276973724365
A,299,A299,THR,T,0.9310570359230042
A,300,A300,VAL,V,0.8450518846511841
A,309,A309,TYR,Y,0.8988134264945984
A,310,A310,TRP,W,0.9359233379364014
A,311,A311,SER,S,0.9424980878829956
A,312,A312,GLY,G,0.6129632592201233
A,313,A313,SER,S,0.9700091481208801
A,314,A314,LEU,L,0.7516337037086487
A,315,A315,MET,M,0.6460322737693787
A,316,A316,MET,M,0.5073089599609375
A,318,A318,ARG,R,0.624862015247345
A,333,A333,HIS,H,0.5848277807235718
A,334,A334,GLN,Q,0.6132342219352722
A,335,A335,LEU,L,0.5449199676513672
A,336,A336,ALA,A,0.5818955302238464
A,337,A337,LEU,L,0.5357928276062012
A,358,A358,GLN,Q,0.5085148811340332
A,361,A361,THR,T,0.7184358835220337
A,363,A363,TYR,Y,0.7420164346694946
A,415,A415,LYS,K,0.7183536887168884
A,417,A417,ASN,N,0.5236501097679138
A,433,A433,ASP,D,0.6023223400115967
A,434,A434,GLN,Q,0.6509990096092224
A,435,A435,ARG,R,0.6385179162025452
A,448,A448,LEU,L,0.581821858882904
A,463,A463,MET,M,0.5703781843185425
A,470,A470,LEU,L,0.5840438008308411
A,473,A473,ASN,N,0.8285536766052246
A,478,A478,ASN,N,0.6153136491775513
A,479,A479,TRP,W,0.5393453240394592
A,480,A480,ARG,R,0.6255343556404114
A,481,A481,ASN,N,0.7571591138839722
A,484,A484,VAL,V,0.672286331653595
A,485,A485,ILE,I,0.6720626950263977
A,486,A486,SER,S,0.5808599591255188
A,495,A495,ARG,R,0.7846086621284485
A,496,A496,PHE,F,0.744788408279419
A,497,A497,ASN,N,0.7733905911445618
A,498,A498,THR,T,0.6694288849830627
A,499,A499,CYS,C,0.6109014749526978
A,515,A515,ASP,D,0.6536858677864075
A,516,A516,ARG,R,0.629636287689209
A,517,A517,ILE,I,0.7738982439041138
A,518,A518,ASN,N,0.7229783535003662
A,525,A525,PHE,F,0.5079899430274963
A,527,A527,ASP,D,0.6910415291786194
A,528,A528,SER,S,0.6094772815704346
A,529,A529,ASN,N,0.7608391642570496
A,542,A542,ASP,D,0.5564824342727661
