chain_id,residue_number,residue_identifier,amino_acid_3letter,amino_acid_1letter,binding_probability
A,212,A212,GLN,Q,0.536273717880249
A,237,A237,ILE,I,0.7137239575386047
A,244,A244,VAL,V,0.7592855095863342
A,323,A323,PRO,P,0.6295478940010071
A,324,A324,LYS,K,0.73637455701828
A,325,A325,SER,S,0.7247125506401062
A,326,A326,ASN,N,0.76307612657547
A,328,A328,GLY,G,0.6763256192207336
A,329,A329,GLY,G,0.556167721748352
A,331,A331,ASN,N,0.7310370206832886
A,507,A507,VAL,V,0.6141790747642517
