chain_id,residue_number,residue_identifier,amino_acid_3letter,amino_acid_1letter,binding_probability
A,297,A297,VAL,V,0.6558088064193726
A,298,A298,SER,S,0.5502611994743347
A,299,A299,THR,T,0.6776612997055054
A,300,A300,VAL,V,0.5548126697540283
A,310,A310,TRP,W,0.6392277479171753
A,313,A313,SER,S,0.5899745225906372
A,433,A433,ASP,D,0.6438269019126892
A,480,A480,ARG,R,0.6122403740882874
A,519,A519,TRP,W,0.6338814496994019
