{
    "plddt": 34.006256103515625,
    "gpde": 4.235015392303467,
    "ptm": 0.23130908608436584,
    "iptm": 0.1340150535106659,
    "chain_gpde": [
        4.8910746574401855,
        2.529592275619507,
        2.773118734359741
    ],
    "chain_pair_gpde": [
        [
            0.0,
            16.65812873840332,
            17.154197692871094
        ],
        [
            16.65812873840332,
            0.0,
            16.018264770507812
        ],
        [
            17.154197692871094,
            16.018264770507812,
            0.0
        ]
    ],
    "chain_ptm": [
        0.20649537444114685,
        0.40807780623435974,
        0.4024465084075928
    ],
    "chain_iptm": [
        0.118686243891716,
        0.10102743655443192,
        0.10006561875343323
    ],
    "chain_pair_iptm": [
        [
            0.0,
            0.11964806169271469,
            0.11772441864013672
        ],
        [
            0.11964806169271469,
            0.0,
            0.08240681141614914
        ],
        [
            0.11772441864013672,
            0.08240681141614914,
            0.0
        ]
    ],
    "chain_pair_iptm_global": [
        [
            0.0,
            0.10985684394836426,
            0.10937593132257462
        ],
        [
            0.10985684394836426,
            0.0,
            0.10054652392864227
        ],
        [
            0.10937593132257462,
            0.10054652392864227,
            0.0
        ]
    ],
    "chain_plddt": [
        0.26785409450531006,
        0.4219273626804352,
        0.40668344497680664
    ],
    "chain_pair_plddt": [
        [
            0.0,
            0.3171302080154419,
            0.3145040273666382
        ],
        [
            0.3171302080154419,
            0.0,
            0.41402536630630493
        ],
        [
            0.3145040273666382,
            0.41402536630630493,
            0.0
        ]
    ],
    "has_clash": false,
    "disorder": 0.0,
    "ranking_score": 0.1534738540649414,
    "num_recycles": 10
}