{
    "confidence_score": 0.8502201437950134,
    "ptm": 0.8727360963821411,
    "iptm": 0.0,
    "ligand_iptm": 0.0,
    "protein_iptm": 0.0,
    "complex_plddt": 0.8445911407470703,
    "complex_iplddt": 0.8445911407470703,
    "complex_pde": 0.5668967962265015,
    "complex_ipde": 0.0,
    "chains_ptm": {
        "0": 0.8727360963821411
    },
    "pair_chains_iptm": {
        "0": {
            "0": 0.8727360963821411
        }
    }
}