chain_id,residue_number,residue_identifier,amino_acid_3letter,amino_acid_1letter,binding_probability
A,2,A2,GLN,Q,0.99565190076828
A,3,A3,SER,S,0.6955482363700867
A,41,A41,ASP,D,0.995674192905426
A,74,A74,ALA,A,0.9458452463150024
A,75,A75,LEU,L,0.9963634610176086
A,76,A76,ASN,N,0.9614850282669067
A,77,A77,ASN,N,0.9962586164474487
A,78,A78,SER,S,0.8867859244346619
A,79,A79,ILE,I,0.9982752799987793
A,80,A80,GLY,G,0.9970231652259827
A,81,A81,VAL,V,0.9977922439575195
A,82,A82,LEU,L,0.9687984585762024
A,125,A125,SER,S,0.6520541310310364
A,168,A168,PRO,P,0.5703902244567871
A,169,A169,GLY,G,0.980322539806366
A,170,A170,LYS,K,0.9726746678352356
A,171,A171,TYR,Y,0.985049307346344
A,172,A172,PRO,P,0.9760347604751587
A,173,A173,SER,S,0.7434937357902527
A,174,A174,VAL,V,0.9850403070449829
A,175,A175,ILE,I,0.9417729377746582
A,176,A176,ALA,A,0.9923195242881775
A,194,A194,PRO,P,0.8547120094299316
A,195,A195,GLU,E,0.9798004031181335
A,196,A196,LEU,L,0.9647898077964783
A,197,A197,ASP,D,0.9921403527259827
A,214,A214,TYR,Y,0.6620000004768372
A,237,A237,LYS,K,0.5945991277694702
A,238,A238,HIS,H,0.6029254198074341
A,240,A240,ASN,N,0.5382735729217529
A,241,A241,TRP,W,0.5230630040168762
A,247,A247,ARG,R,0.979195237159729
A,251,A251,GLU,E,0.672930121421814
A,265,A265,LYS,K,0.5050795078277588
