chain_id,residue_number,residue_identifier,amino_acid_3letter,amino_acid_1letter,binding_probability
A,64,A64,HIS,H,0.5741744041442871
A,156,A156,GLU,E,0.5678823590278625
A,158,A158,THR,T,0.5255535840988159
A,186,A186,ARG,R,0.5950865745544434
A,188,A188,SER,S,0.6588996052742004
A,189,A189,PHE,F,0.7485008835792542
A,204,A204,SER,S,0.5671200752258301
A,218,A218,ASN,N,0.6822628974914551
A,237,A237,LYS,K,0.8002508282661438
A,238,A238,HIS,H,0.883418083190918
A,239,A239,PRO,P,0.8454915881156921
A,240,A240,ASN,N,0.8278661370277405
A,241,A241,TRP,W,0.8590468764305115
A,245,A245,GLN,Q,0.5216459631919861
A,262,A262,TYR,Y,0.7536308169364929
A,263,A263,TYR,Y,0.6526601314544678
