{
    "confidence_score": 0.5613725185394287,
    "ptm": 0.44777852296829224,
    "iptm": 0.0,
    "ligand_iptm": 0.0,
    "protein_iptm": 0.0,
    "complex_plddt": 0.589771032333374,
    "complex_iplddt": 0.589771032333374,
    "complex_pde": 2.288064956665039,
    "complex_ipde": 0.0,
    "chains_ptm": {
        "0": 0.44777852296829224
    },
    "pair_chains_iptm": {
        "0": {
            "0": 0.44777852296829224
        }
    }
}