{
    "plddt": 46.721439361572266,
    "gpde": 2.112323522567749,
    "ptm": 0.4493563771247864,
    "iptm": 0.0,
    "chain_gpde": [
        2.112323522567749
    ],
    "chain_pair_gpde": [
        [
            0.0
        ]
    ],
    "chain_ptm": [
        0.4493563771247864
    ],
    "chain_iptm": [
        0.0
    ],
    "chain_pair_iptm": [
        [
            0.0
        ]
    ],
    "chain_pair_iptm_global": [
        [
            0.0
        ]
    ],
    "chain_plddt": [
        0.4672143757343292
    ],
    "chain_pair_plddt": [
        [
            0.0
        ]
    ],
    "has_clash": false,
    "disorder": 0.0,
    "ranking_score": 0.08987127989530563,
    "num_recycles": 10
}