{
    "confidence_score": 0.906653106212616,
    "ptm": 0.8919240236282349,
    "iptm": 0.9646701216697693,
    "ligand_iptm": 0.9646701216697693,
    "protein_iptm": 0.0,
    "complex_plddt": 0.8921489119529724,
    "complex_iplddt": 0.9259161353111267,
    "complex_pde": 0.5963345170021057,
    "complex_ipde": 1.5368149280548096,
    "chains_ptm": {
        "0": 0.8887673020362854,
        "1": 0.9319179654121399
    },
    "pair_chains_iptm": {
        "0": {
            "0": 0.8887673020362854,
            "1": 0.7177724242210388
        },
        "1": {
            "0": 0.9646701216697693,
            "1": 0.9319179654121399
        }
    }
}