{
    "affinity_pred_value": -2.303926467895508,
    "affinity_probability_binary": 0.6359027624130249,
    "affinity_pred_value1": 0.2989519238471985,
    "affinity_probability_binary1": 0.5311877131462097,
    "affinity_pred_value2": -2.0827975273132324,
    "affinity_probability_binary2": 0.7406177520751953
}