{
    "confidence_score": 0.9090184569358826,
    "ptm": 0.9103045463562012,
    "iptm": 0.9628766775131226,
    "ligand_iptm": 0.9628766775131226,
    "protein_iptm": 0.0,
    "complex_plddt": 0.8955538272857666,
    "complex_iplddt": 0.9224077463150024,
    "complex_pde": 0.5641871094703674,
    "complex_ipde": 1.6433215141296387,
    "chains_ptm": {
        "0": 0.9105913639068604,
        "1": 0.9351970553398132
    },
    "pair_chains_iptm": {
        "0": {
            "0": 0.9105913639068604,
            "1": 0.73165363073349
        },
        "1": {
            "0": 0.9628766775131226,
            "1": 0.9351970553398132
        }
    }
}