{
    "affinity_pred_value": -2.835707187652588,
    "affinity_probability_binary": 0.7248624563217163,
    "affinity_pred_value1": -0.44327113032341003,
    "affinity_probability_binary1": 0.6252961158752441,
    "affinity_pred_value2": -2.367912530899048,
    "affinity_probability_binary2": 0.8244288563728333
}