{
    "confidence_score": 0.8530584573745728,
    "ptm": 0.8446497917175293,
    "iptm": 0.0,
    "ligand_iptm": 0.0,
    "protein_iptm": 0.0,
    "complex_plddt": 0.8551605343818665,
    "complex_iplddt": 0.8551605343818665,
    "complex_pde": 0.5803097486495972,
    "complex_ipde": 0.0,
    "chains_ptm": {
        "0": 0.8446497917175293
    },
    "pair_chains_iptm": {
        "0": {
            "0": 0.8446497917175293
        }
    }
}