{
    "plddt": 42.81586837768555,
    "gpde": 2.840940237045288,
    "ptm": 0.353182315826416,
    "iptm": 0.0,
    "chain_gpde": [
        2.840940237045288
    ],
    "chain_pair_gpde": [
        [
            0.0
        ]
    ],
    "chain_ptm": [
        0.353182315826416
    ],
    "chain_iptm": [
        0.0
    ],
    "chain_pair_iptm": [
        [
            0.0
        ]
    ],
    "chain_pair_iptm_global": [
        [
            0.0
        ]
    ],
    "chain_plddt": [
        0.4281586706638336
    ],
    "chain_pair_plddt": [
        [
            0.0
        ]
    ],
    "has_clash": false,
    "disorder": 0.0,
    "ranking_score": 0.07063646614551544,
    "num_recycles": 10
}