{
    "plddt": 31.745031356811523,
    "gpde": 4.415159702301025,
    "ptm": 0.23618441820144653,
    "iptm": 0.14678405225276947,
    "chain_gpde": [
        4.045767784118652,
        4.103394508361816
    ],
    "chain_pair_gpde": [
        [
            0.0,
            15.007908821105957
        ],
        [
            15.007908821105957,
            0.0
        ]
    ],
    "chain_ptm": [
        0.27353981137275696,
        0.2734889090061188
    ],
    "chain_iptm": [
        0.14678405225276947,
        0.14678405225276947
    ],
    "chain_pair_iptm": [
        [
            0.0,
            0.14678405225276947
        ],
        [
            0.14678405225276947,
            0.0
        ]
    ],
    "chain_pair_iptm_global": [
        [
            0.0,
            0.14678405225276947
        ],
        [
            0.14678405225276947,
            0.0
        ]
    ],
    "chain_plddt": [
        0.31880074739456177,
        0.3161275386810303
    ],
    "chain_pair_plddt": [
        [
            0.0,
            0.31745031476020813
        ],
        [
            0.31745031476020813,
            0.0
        ]
    ],
    "has_clash": false,
    "disorder": 0.0,
    "ranking_score": 0.1646641343832016,
    "num_recycles": 10
}