{
    "confidence_score": 0.8812530636787415,
    "ptm": 0.8697975277900696,
    "iptm": 0.0,
    "ligand_iptm": 0.0,
    "protein_iptm": 0.0,
    "complex_plddt": 0.8841168880462646,
    "complex_iplddt": 0.8841168880462646,
    "complex_pde": 0.5156514644622803,
    "complex_ipde": 0.0,
    "chains_ptm": {
        "0": 0.8697975277900696
    },
    "pair_chains_iptm": {
        "0": {
            "0": 0.8697975277900696
        }
    }
}