{
    "confidence_score": 0.8594932556152344,
    "ptm": 0.8818321228027344,
    "iptm": 0.0,
    "ligand_iptm": 0.0,
    "protein_iptm": 0.0,
    "complex_plddt": 0.8539084792137146,
    "complex_iplddt": 0.8539084792137146,
    "complex_pde": 0.6646918654441833,
    "complex_ipde": 0.0,
    "chains_ptm": {
        "0": 0.8818321228027344
    },
    "pair_chains_iptm": {
        "0": {
            "0": 0.8818321228027344
        }
    }
}