{
    "confidence_score": 0.527953565120697,
    "ptm": 0.5478963851928711,
    "iptm": 0.0,
    "ligand_iptm": 0.0,
    "protein_iptm": 0.0,
    "complex_plddt": 0.5229678750038147,
    "complex_iplddt": 0.5229678750038147,
    "complex_pde": 2.1707568168640137,
    "complex_ipde": 0.0,
    "chains_ptm": {
        "0": 0.5478963851928711
    },
    "pair_chains_iptm": {
        "0": {
            "0": 0.5478963851928711
        }
    }
}