{
    "plddt": 28.514787673950195,
    "gpde": 4.107839584350586,
    "ptm": 0.2138785719871521,
    "iptm": 0.0,
    "chain_gpde": [
        4.107839584350586
    ],
    "chain_pair_gpde": [
        [
            0.0
        ]
    ],
    "chain_ptm": [
        0.2138785719871521
    ],
    "chain_iptm": [
        0.0
    ],
    "chain_pair_iptm": [
        [
            0.0
        ]
    ],
    "chain_pair_iptm_global": [
        [
            0.0
        ]
    ],
    "chain_plddt": [
        0.28514787554740906
    ],
    "chain_pair_plddt": [
        [
            0.0
        ]
    ],
    "has_clash": false,
    "disorder": 0.0,
    "ranking_score": 0.0427757166326046,
    "num_recycles": 10
}