{
    "confidence_score": 0.8916838765144348,
    "ptm": 0.897741973400116,
    "iptm": 0.0,
    "ligand_iptm": 0.0,
    "protein_iptm": 0.0,
    "complex_plddt": 0.8901693820953369,
    "complex_iplddt": 0.8901693820953369,
    "complex_pde": 0.5138607621192932,
    "complex_ipde": 0.0,
    "chains_ptm": {
        "0": 0.897741973400116
    },
    "pair_chains_iptm": {
        "0": {
            "0": 0.897741973400116
        }
    }
}