{
    "confidence_score": 0.7345253229141235,
    "ptm": 0.7267132997512817,
    "iptm": 0.0,
    "ligand_iptm": 0.0,
    "protein_iptm": 0.0,
    "complex_plddt": 0.736478328704834,
    "complex_iplddt": 0.736478328704834,
    "complex_pde": 1.0286434888839722,
    "complex_ipde": 0.0,
    "chains_ptm": {
        "0": 0.7267132997512817
    },
    "pair_chains_iptm": {
        "0": {
            "0": 0.7267132997512817
        }
    }
}