{
    "plddt": 26.957679748535156,
    "gpde": 5.224907398223877,
    "ptm": 0.20730948448181152,
    "iptm": 0.1501946598291397,
    "chain_gpde": [
        4.672574520111084,
        3.925525426864624,
        4.673633575439453,
        3.927138566970825
    ],
    "chain_pair_gpde": [
        [
            0.0,
            16.53053092956543,
            15.716906547546387,
            17.22519874572754
        ],
        [
            16.53053092956543,
            0.0,
            17.23069953918457,
            17.63270378112793
        ],
        [
            15.716906547546387,
            17.23069953918457,
            0.0,
            16.51616668701172
        ],
        [
            17.22519874572754,
            17.63270378112793,
            16.51616668701172,
            0.0
        ]
    ],
    "chain_ptm": [
        0.21911421418190002,
        0.15971866250038147,
        0.21908333897590637,
        0.15962159633636475
    ],
    "chain_iptm": [
        0.10877841711044312,
        0.08632728457450867,
        0.1087755560874939,
        0.08627451956272125
    ],
    "chain_pair_iptm": [
        [
            0.0,
            0.0971904993057251,
            0.12710869312286377,
            0.10203606635332108
        ],
        [
            0.0971904993057251,
            0.0,
            0.10211092233657837,
            0.059680432081222534
        ],
        [
            0.12710869312286377,
            0.10211092233657837,
            0.0,
            0.09710706025362015
        ],
        [
            0.10203606635332108,
            0.059680432081222534,
            0.09710706025362015,
            0.0
        ]
    ],
    "chain_pair_iptm_global": [
        [
            0.0,
            0.09755285084247589,
            0.1087769865989685,
            0.09752646833658218
        ],
        [
            0.09755285084247589,
            0.0,
            0.09755142033100128,
            0.08630090206861496
        ],
        [
            0.1087769865989685,
            0.09755142033100128,
            0.0,
            0.09752503782510757
        ],
        [
            0.09752646833658218,
            0.08630090206861496,
            0.09752503782510757,
            0.0
        ]
    ],
    "chain_plddt": [
        0.2749383747577667,
        0.25369980931282043,
        0.2748871147632599,
        0.2537112534046173
    ],
    "chain_pair_plddt": [
        [
            0.0,
            0.26959455013275146,
            0.2749127447605133,
            0.2695974111557007
        ],
        [
            0.26959455013275146,
            0.0,
            0.2695561945438385,
            0.25370553135871887
        ],
        [
            0.2749127447605133,
            0.2695561945438385,
            0.0,
            0.2695590555667877
        ],
        [
            0.2695974111557007,
            0.25370553135871887,
            0.2695590555667877,
            0.0
        ]
    ],
    "has_clash": false,
    "disorder": 0.0,
    "ranking_score": 0.16161762177944183,
    "num_recycles": 10
}