{
    "confidence_score": 0.8026748895645142,
    "ptm": 0.8172053694725037,
    "iptm": 0.0,
    "ligand_iptm": 0.0,
    "protein_iptm": 0.0,
    "complex_plddt": 0.7990422248840332,
    "complex_iplddt": 0.7990422248840332,
    "complex_pde": 0.7533736824989319,
    "complex_ipde": 0.0,
    "chains_ptm": {
        "0": 0.8172053694725037
    },
    "pair_chains_iptm": {
        "0": {
            "0": 0.8172053694725037
        }
    }
}