{
    "confidence_score": 0.6058289408683777,
    "ptm": 0.5354823470115662,
    "iptm": 0.0,
    "ligand_iptm": 0.0,
    "protein_iptm": 0.0,
    "complex_plddt": 0.6234155893325806,
    "complex_iplddt": 0.6234155893325806,
    "complex_pde": 1.8925338983535767,
    "complex_ipde": 0.0,
    "chains_ptm": {
        "0": 0.5354823470115662
    },
    "pair_chains_iptm": {
        "0": {
            "0": 0.5354823470115662
        }
    }
}