{
    "plddt": 58.8585319519043,
    "gpde": 1.5282914638519287,
    "ptm": 0.6167377233505249,
    "iptm": 0.0,
    "chain_gpde": [
        1.5282914638519287
    ],
    "chain_pair_gpde": [
        [
            0.0
        ]
    ],
    "chain_ptm": [
        0.6167377233505249
    ],
    "chain_iptm": [
        0.0
    ],
    "chain_pair_iptm": [
        [
            0.0
        ]
    ],
    "chain_pair_iptm_global": [
        [
            0.0
        ]
    ],
    "chain_plddt": [
        0.5885853171348572
    ],
    "chain_pair_plddt": [
        [
            0.0
        ]
    ],
    "has_clash": false,
    "disorder": 0.0,
    "ranking_score": 0.12334754317998886,
    "num_recycles": 10
}