{
    "confidence_score": 0.8628216981887817,
    "ptm": 0.8761888146400452,
    "iptm": 0.0,
    "ligand_iptm": 0.0,
    "protein_iptm": 0.0,
    "complex_plddt": 0.8594799041748047,
    "complex_iplddt": 0.8594799041748047,
    "complex_pde": 0.5906951427459717,
    "complex_ipde": 0.0,
    "chains_ptm": {
        "0": 0.8761888146400452
    },
    "pair_chains_iptm": {
        "0": {
            "0": 0.8761888146400452
        }
    }
}