{
    "confidence_score": 0.9051895141601562,
    "ptm": 0.9119267463684082,
    "iptm": 0.0,
    "ligand_iptm": 0.0,
    "protein_iptm": 0.0,
    "complex_plddt": 0.9035051465034485,
    "complex_iplddt": 0.9035051465034485,
    "complex_pde": 0.4599047303199768,
    "complex_ipde": 0.0,
    "chains_ptm": {
        "0": 0.9119267463684082
    },
    "pair_chains_iptm": {
        "0": {
            "0": 0.9119267463684082
        }
    }
}