{
    "plddt": 33.05851745605469,
    "gpde": 4.349749565124512,
    "ptm": 0.22700214385986328,
    "iptm": 0.12811820209026337,
    "chain_gpde": [
        3.997002124786377,
        3.9959685802459717
    ],
    "chain_pair_gpde": [
        [
            0.0,
            16.26426124572754
        ],
        [
            16.26426124572754,
            0.0
        ]
    ],
    "chain_ptm": [
        0.277545690536499,
        0.27769407629966736
    ],
    "chain_iptm": [
        0.12811820209026337,
        0.12811820209026337
    ],
    "chain_pair_iptm": [
        [
            0.0,
            0.12811820209026337
        ],
        [
            0.12811820209026337,
            0.0
        ]
    ],
    "chain_pair_iptm_global": [
        [
            0.0,
            0.12811820209026337
        ],
        [
            0.12811820209026337,
            0.0
        ]
    ],
    "chain_plddt": [
        0.3305715322494507,
        0.33059877157211304
    ],
    "chain_pair_plddt": [
        [
            0.0,
            0.33058518171310425
        ],
        [
            0.33058518171310425,
            0.0
        ]
    ],
    "has_clash": false,
    "disorder": 0.0,
    "ranking_score": 0.1478949934244156,
    "num_recycles": 10
}