chain_id,residue_number,residue_identifier,amino_acid_3letter,amino_acid_1letter,binding_probability
A,54,A54,GLN,Q,0.5005730986595154
A,112,A112,ASN,N,0.55397629737854
A,114,A114,SER,S,0.7527318000793457
A,115,A115,PRO,P,0.6226604580879211
A,117,A117,HIS,H,0.5974746942520142
A,118,A118,LEU,L,0.5696062445640564
A,201,A201,ASP,D,0.5140548944473267
A,202,A202,GLN,Q,0.7441394329071045
A,205,A205,LEU,L,0.7310994863510132
A,206,A206,GLN,Q,0.5841847658157349
A,210,A210,GLN,Q,0.576362669467926
A,212,A212,THR,T,0.7625851035118103
A,213,A213,ARG,R,0.7135026454925537
A,215,A215,GLU,E,0.5745160579681396
A,216,A216,ILE,I,0.7558633685112
A,217,A217,SER,S,0.6066866517066956
A,220,A220,SER,S,0.5988209247589111
A,227,A227,GLU,E,0.5899282693862915
A,228,A228,PHE,F,0.6550227999687195
