chain_id,residue_number,residue_identifier,amino_acid_3letter,amino_acid_1letter,binding_probability
A,237,A237,ILE,I,0.6102470755577087
A,240,A240,CYS,C,0.6917235851287842
A,244,A244,VAL,V,0.6997657418251038
A,488,A488,PRO,P,0.6059693098068237
A,490,A490,GLN,Q,0.5340559482574463
A,504,A504,TRP,W,0.6688145399093628
A,506,A506,GLY,G,0.696202278137207
A,507,A507,VAL,V,0.7444165349006653
A,531,A531,THR,T,0.6877878904342651
A,532,A532,ALA,A,0.6687026023864746
A,557,A557,ASN,N,0.7422031164169312
A,558,A558,ALA,A,0.5985373854637146
A,559,A559,GLN,Q,0.7902957797050476
A,579,A579,GLU,E,0.5155794024467468
A,580,A580,ILE,I,0.5407891273498535
