{
    "confidence_score": 0.46895265579223633,
    "ptm": 0.46319815516471863,
    "iptm": 0.0,
    "ligand_iptm": 0.0,
    "protein_iptm": 0.0,
    "complex_plddt": 0.47039127349853516,
    "complex_iplddt": 0.47039127349853516,
    "complex_pde": 2.9422647953033447,
    "complex_ipde": 0.0,
    "chains_ptm": {
        "0": 0.46319815516471863
    },
    "pair_chains_iptm": {
        "0": {
            "0": 0.46319815516471863
        }
    }
}