{
    "confidence_score": 0.41137346625328064,
    "ptm": 0.3175949454307556,
    "iptm": 0.0,
    "ligand_iptm": 0.0,
    "protein_iptm": 0.0,
    "complex_plddt": 0.4348180890083313,
    "complex_iplddt": 0.4348180890083313,
    "complex_pde": 3.5564217567443848,
    "complex_ipde": 0.0,
    "chains_ptm": {
        "0": 0.3175949454307556
    },
    "pair_chains_iptm": {
        "0": {
            "0": 0.3175949454307556
        }
    }
}