{
    "confidence_score": 0.36829909682273865,
    "ptm": 0.36328938603401184,
    "iptm": 0.0,
    "ligand_iptm": 0.0,
    "protein_iptm": 0.0,
    "complex_plddt": 0.36955150961875916,
    "complex_iplddt": 0.36955150961875916,
    "complex_pde": 3.953000545501709,
    "complex_ipde": 0.0,
    "chains_ptm": {
        "0": 0.36328938603401184
    },
    "pair_chains_iptm": {
        "0": {
            "0": 0.36328938603401184
        }
    }
}