{
    "confidence_score": 0.3530639111995697,
    "ptm": 0.3573245406150818,
    "iptm": 0.0,
    "ligand_iptm": 0.0,
    "protein_iptm": 0.0,
    "complex_plddt": 0.35199877619743347,
    "complex_iplddt": 0.35199877619743347,
    "complex_pde": 4.175424098968506,
    "complex_ipde": 0.0,
    "chains_ptm": {
        "0": 0.3573245406150818
    },
    "pair_chains_iptm": {
        "0": {
            "0": 0.3573245406150818
        }
    }
}