{
    "confidence_score": 0.41428565979003906,
    "ptm": 0.3759438395500183,
    "iptm": 0.0,
    "ligand_iptm": 0.0,
    "protein_iptm": 0.0,
    "complex_plddt": 0.42387109994888306,
    "complex_iplddt": 0.42387109994888306,
    "complex_pde": 3.268470287322998,
    "complex_ipde": 0.0,
    "chains_ptm": {
        "0": 0.3759438395500183
    },
    "pair_chains_iptm": {
        "0": {
            "0": 0.3759438395500183
        }
    }
}