{
    "confidence_score": 0.41289159655570984,
    "ptm": 0.4060057997703552,
    "iptm": 0.0,
    "ligand_iptm": 0.0,
    "protein_iptm": 0.0,
    "complex_plddt": 0.4146130383014679,
    "complex_iplddt": 0.4146130383014679,
    "complex_pde": 3.7291719913482666,
    "complex_ipde": 0.0,
    "chains_ptm": {
        "0": 0.4060057997703552
    },
    "pair_chains_iptm": {
        "0": {
            "0": 0.4060057997703552
        }
    }
}