{
    "confidence_score": 0.36096712946891785,
    "ptm": 0.3636781871318817,
    "iptm": 0.0,
    "ligand_iptm": 0.0,
    "protein_iptm": 0.0,
    "complex_plddt": 0.3602893352508545,
    "complex_iplddt": 0.3602893352508545,
    "complex_pde": 3.9510228633880615,
    "complex_ipde": 0.0,
    "chains_ptm": {
        "0": 0.3636781871318817
    },
    "pair_chains_iptm": {
        "0": {
            "0": 0.3636781871318817
        }
    }
}