chain_id,residue_number,residue_identifier,amino_acid_3letter,amino_acid_1letter,binding_probability
A,308,A308,VAL,V,0.5034949779510498
A,322,A322,PRO,P,0.6630594730377197
A,324,A324,GLU,E,0.5264933705329895
A,557,A557,LYS,K,0.5244415402412415
A,574,A574,ASP,D,0.6051235795021057
A,602,A602,THR,T,0.6646833419799805
A,603,A603,ASN,N,0.523882269859314
A,975,A975,SER,S,0.5287665128707886
A,976,A976,VAL,V,0.6160653233528137
A,977,A977,LEU,L,0.5767039656639099
A,1000,A1000,ARG,R,0.5370355248451233
A,1086,A1086,LYS,K,0.639032244682312
A,1091,A1091,ARG,R,0.5517898797988892
