chain_id,residue_number,residue_identifier,amino_acid_3letter,amino_acid_1letter,binding_probability
A,30,A30,ASN,N,0.8993760347366333
A,32,A32,PHE,F,0.9360566139221191
A,33,A33,THR,T,0.8492799401283264
A,34,A34,ARG,R,0.7258753776550293
A,58,A58,PHE,F,0.9219790697097778
A,59,A59,PHE,F,0.9414352774620056
A,61,A61,ASN,N,0.7267189025878906
A,211,A211,ASN,N,0.6202146410942078
A,216,A216,LEU,L,0.6847792267799377
A,217,A217,PRO,P,0.5289013981819153
A,218,A218,GLN,Q,0.8536560535430908
A,219,A219,GLY,G,0.6927595138549805
A,220,A220,PHE,F,0.7227960824966431
A,221,A221,SER,S,0.637599766254425
A,287,A287,ASP,D,0.5340847373008728
A,288,A288,ALA,A,0.8982288837432861
A,289,A289,VAL,V,0.7668738961219788
A,290,A290,ASP,D,0.8353549838066101
A,293,A293,LEU,L,0.9533692002296448
A,294,A294,ASP,D,0.8900521397590637
A,296,A296,LEU,L,0.6773777008056641
A,297,A297,SER,S,0.8498280644416809
A,300,A300,LYS,K,0.8240312337875366
A,317,A317,ASN,N,0.5313159227371216
A,319,A319,ARG,R,0.6884879469871521
A,592,A592,PHE,F,0.5454586148262024
A,606,A606,ASN,N,0.7155309915542603
A,913,A913,GLN,Q,0.5339062809944153
A,942,A942,ALA,A,0.6327323317527771
A,943,A943,SER,S,0.6696847677230835
A,946,A946,GLY,G,0.5525088310241699
A,957,A957,GLN,Q,0.5849809646606445
A,964,A964,LYS,K,0.8231130242347717
A,966,A966,LEU,L,0.7524836659431458
A,967,A967,SER,S,0.5691529512405396
A,973,A973,ILE,I,0.70911705493927
A,974,A974,SER,S,0.6458197832107544
A,975,A975,SER,S,0.5687435269355774
A,976,A976,VAL,V,0.5669618844985962
A,977,A977,LEU,L,0.7567412257194519
A,978,A978,ASN,N,0.8890600800514221
A,979,A979,ASP,D,0.758338451385498
A,1107,A1107,ARG,R,0.6810122132301331
