{
    "confidence_score": 0.6538090109825134,
    "ptm": 0.5558899641036987,
    "iptm": 0.0,
    "ligand_iptm": 0.0,
    "protein_iptm": 0.0,
    "complex_plddt": 0.6782886981964111,
    "complex_iplddt": 0.6782886981964111,
    "complex_pde": 1.4146331548690796,
    "complex_ipde": 0.0,
    "chains_ptm": {
        "0": 0.5558899641036987
    },
    "pair_chains_iptm": {
        "0": {
            "0": 0.5558899641036987
        }
    }
}