{
    "confidence_score": 0.8100284934043884,
    "ptm": 0.8369682431221008,
    "iptm": 0.0,
    "ligand_iptm": 0.0,
    "protein_iptm": 0.0,
    "complex_plddt": 0.8032935261726379,
    "complex_iplddt": 0.8032935261726379,
    "complex_pde": 0.7743431329727173,
    "complex_ipde": 0.0,
    "chains_ptm": {
        "0": 0.8369682431221008
    },
    "pair_chains_iptm": {
        "0": {
            "0": 0.8369682431221008
        }
    }
}