{
    "confidence_score": 0.6368780136108398,
    "ptm": 0.6323124170303345,
    "iptm": 0.0,
    "ligand_iptm": 0.0,
    "protein_iptm": 0.0,
    "complex_plddt": 0.6380193829536438,
    "complex_iplddt": 0.6380193829536438,
    "complex_pde": 1.5799918174743652,
    "complex_ipde": 0.0,
    "chains_ptm": {
        "0": 0.6323124170303345
    },
    "pair_chains_iptm": {
        "0": {
            "0": 0.6323124170303345
        }
    }
}