{
    "confidence_score": 0.7497576475143433,
    "ptm": 0.7176609635353088,
    "iptm": 0.0,
    "ligand_iptm": 0.0,
    "protein_iptm": 0.0,
    "complex_plddt": 0.7577818036079407,
    "complex_iplddt": 0.7577818036079407,
    "complex_pde": 0.9759849309921265,
    "complex_ipde": 0.0,
    "chains_ptm": {
        "0": 0.7176609635353088
    },
    "pair_chains_iptm": {
        "0": {
            "0": 0.7176609635353088
        }
    }
}