{
    "confidence_score": 0.880364716053009,
    "ptm": 0.9056604504585266,
    "iptm": 0.0,
    "ligand_iptm": 0.0,
    "protein_iptm": 0.0,
    "complex_plddt": 0.8740407824516296,
    "complex_iplddt": 0.8740407824516296,
    "complex_pde": 0.4802394211292267,
    "complex_ipde": 0.0,
    "chains_ptm": {
        "0": 0.9056604504585266
    },
    "pair_chains_iptm": {
        "0": {
            "0": 0.9056604504585266
        }
    }
}