{
    "confidence_score": 0.42870742082595825,
    "ptm": 0.3760372996330261,
    "iptm": 0.0,
    "ligand_iptm": 0.0,
    "protein_iptm": 0.0,
    "complex_plddt": 0.4418749213218689,
    "complex_iplddt": 0.4418749213218689,
    "complex_pde": 3.195686101913452,
    "complex_ipde": 0.0,
    "chains_ptm": {
        "0": 0.3760372996330261
    },
    "pair_chains_iptm": {
        "0": {
            "0": 0.3760372996330261
        }
    }
}