chain_id,residue_number,residue_identifier,amino_acid_3letter,amino_acid_1letter,binding_probability
A,256,A256,LYS,K,0.7467690110206604
A,257,A257,LYS,K,0.666023313999176
A,258,A258,ASP,D,0.9814248085021973
A,259,A259,SER,S,0.9649197459220886
A,260,A260,PRO,P,0.9841163754463196
A,261,A261,VAL,V,0.9052924513816833
A,310,A310,ASN,N,0.7698277831077576
A,311,A311,LEU,L,0.8657991290092468
A,312,A312,ASN,N,0.6126877069473267
A,313,A313,GLN,Q,0.9143015742301941
A,315,A315,TRP,W,0.9614203572273254
A,318,A318,TYR,Y,0.9343231320381165
A,320,A320,TYR,Y,0.9619974493980408
A,323,A323,PHE,F,0.5561138987541199
A,328,A328,GLU,E,0.7098544836044312
A,329,A329,LYS,K,0.8333507776260376
A,330,A330,LEU,L,0.61822909116745
A,331,A331,PHE,F,0.9826428890228271
A,333,A333,ALA,A,0.9516177177429199
A,334,A334,PRO,P,0.9843376278877258
A,335,A335,ILE,I,0.8268766403198242
A,336,A336,SER,S,0.9618322253227234
A,337,A337,ASP,D,0.9080385565757751
A,338,A338,SER,S,0.9446547627449036
A,339,A339,ASP,D,0.516204833984375
A,340,A340,GLU,E,0.9529240727424622
A,341,A341,PHE,F,0.9869036674499512
A,386,A386,VAL,V,0.5510678887367249
