chain_id,residue_number,residue_identifier,amino_acid_3letter,amino_acid_1letter,binding_probability
A,191,A191,HIS,H,0.5175324082374573
A,290,A290,ARG,R,0.5139479041099548
A,291,A291,ILE,I,0.5999233722686768
A,292,A292,LEU,L,0.7610816359519958
A,295,A295,HIS,H,0.740130603313446
A,313,A313,GLU,E,0.9474242329597473
A,314,A314,ARG,R,0.8128345012664795
A,317,A317,ASP,D,0.8534865975379944
A,320,A320,ARG,R,0.775301992893219
A,437,A437,THR,T,0.6273742914199829
A,438,A438,ASN,N,0.6311920285224915
A,441,A441,ALA,A,0.5123032927513123
A,453,A453,PRO,P,0.5284050703048706
A,555,A555,ASP,D,0.5783778429031372
