chain_id,residue_number,residue_identifier,amino_acid_3letter,amino_acid_1letter,binding_probability
A,38,A38,ASP,D,0.5553258657455444
A,108,A108,VAL,V,0.9774603843688965
A,109,A109,SER,S,0.9907958507537842
A,110,A110,THR,T,0.9971477389335632
A,111,A111,VAL,V,0.9945585131645203
A,120,A120,TYR,Y,0.9498670101165771
A,121,A121,TRP,W,0.9702845811843872
A,122,A122,SER,S,0.9360328912734985
A,123,A123,GLY,G,0.9799929261207581
A,124,A124,SER,S,0.9949500560760498
A,252,A252,PRO,P,0.5150374174118042
A,359,A359,ARG,R,0.5142780542373657
A,366,A366,ASP,D,0.6451762318611145
A,367,A367,THR,T,0.5822291374206543
A,368,A368,ASN,N,0.6755444407463074
A,394,A394,THR,T,0.5058856010437012
