chain_id,residue_number,residue_identifier,amino_acid_3letter,amino_acid_1letter,binding_probability
A,32,A32,ASP,D,0.5941075086593628
A,125,A125,LEU,L,0.5428622961044312
A,164,A164,PRO,P,0.7523280382156372
A,252,A252,PRO,P,0.6489591598510742
A,342,A342,THR,T,0.677125871181488
A,343,A343,ALA,A,0.6579850316047668
