{
    "confidence_score": 0.8531641960144043,
    "ptm": 0.8483490943908691,
    "iptm": 0.0,
    "ligand_iptm": 0.0,
    "protein_iptm": 0.0,
    "complex_plddt": 0.8543679714202881,
    "complex_iplddt": 0.8543679714202881,
    "complex_pde": 0.5269533395767212,
    "complex_ipde": 0.0,
    "chains_ptm": {
        "0": 0.8483490943908691
    },
    "pair_chains_iptm": {
        "0": {
            "0": 0.8483490943908691
        }
    }
}