chain_id,residue_number,residue_identifier,amino_acid_3letter,amino_acid_1letter,binding_probability
A,54,A54,LEU,L,0.5014165043830872
A,62,A62,PHE,F,0.5751931071281433
A,230,A230,ASN,N,0.5264792442321777
A,274,A274,ASP,D,0.5491153001785278
A,275,A275,ALA,A,0.5399672389030457
A,291,A291,LYS,K,0.6273674368858337
A,725,A725,CYS,C,0.562220573425293
A,726,A726,GLY,G,0.6145851612091064
A,742,A742,CYS,C,0.5092066526412964
A,743,A743,THR,T,0.5229174494743347
A,744,A744,GLN,Q,0.5556862950325012
A,746,A746,ASN,N,0.5939095616340637
A,747,A747,ARG,R,0.5188408493995667
A,957,A957,SER,S,0.6252122521400452
A,958,A958,VAL,V,0.533965528011322
A,959,A959,LEU,L,0.5091357827186584
A,982,A982,ARG,R,0.5480624437332153
