chain_id,residue_number,residue_identifier,amino_acid_3letter,amino_acid_1letter,binding_probability
A,225,A225,ASP,D,0.5906665325164795
A,329,A329,GLY,G,0.5441046357154846
A,387,A387,CYS,C,0.6173508167266846
A,389,A389,TYR,Y,0.5720483064651489
A,390,A390,SER,S,0.6187494397163391
A,405,A405,SER,S,0.5447984337806702
A,406,A406,HIS,H,0.5184701681137085
A,530,A530,GLN,Q,0.5972343683242798
