{
    "confidence_score": 0.9249321222305298,
    "ptm": 0.9273720979690552,
    "iptm": 0.9623369574546814,
    "ligand_iptm": 0.9623369574546814,
    "protein_iptm": 0.0,
    "complex_plddt": 0.9155809283256531,
    "complex_iplddt": 0.9383217096328735,
    "complex_pde": 0.523226797580719,
    "complex_ipde": 1.576725721359253,
    "chains_ptm": {
        "0": 0.9283473491668701,
        "1": 0.9355407953262329
    },
    "pair_chains_iptm": {
        "0": {
            "0": 0.9283473491668701,
            "1": 0.7544983625411987
        },
        "1": {
            "0": 0.9623369574546814,
            "1": 0.9355407953262329
        }
    }
}