{
    "affinity_pred_value": -2.653294563293457,
    "affinity_probability_binary": 0.7207356691360474,
    "affinity_pred_value1": -0.2609533667564392,
    "affinity_probability_binary1": 0.6282994151115417,
    "affinity_pred_value2": -2.1978297233581543,
    "affinity_probability_binary2": 0.8131718635559082
}