{
    "plddt": 43.36109924316406,
    "gpde": 2.867598056793213,
    "ptm": 0.37009865045547485,
    "iptm": 0.0,
    "chain_gpde": [
        2.867598056793213
    ],
    "chain_pair_gpde": [
        [
            0.0
        ]
    ],
    "chain_ptm": [
        0.37009865045547485
    ],
    "chain_iptm": [
        0.0
    ],
    "chain_pair_iptm": [
        [
            0.0
        ]
    ],
    "chain_pair_iptm_global": [
        [
            0.0
        ]
    ],
    "chain_plddt": [
        0.4336109757423401
    ],
    "chain_pair_plddt": [
        [
            0.0
        ]
    ],
    "has_clash": false,
    "disorder": 0.0,
    "ranking_score": 0.07401973009109497,
    "num_recycles": 10
}