{
    "confidence_score": 0.8271989822387695,
    "ptm": 0.8425869345664978,
    "iptm": 0.0,
    "ligand_iptm": 0.0,
    "protein_iptm": 0.0,
    "complex_plddt": 0.8233519792556763,
    "complex_iplddt": 0.8233519792556763,
    "complex_pde": 0.7489857077598572,
    "complex_ipde": 0.0,
    "chains_ptm": {
        "0": 0.8425869345664978
    },
    "pair_chains_iptm": {
        "0": {
            "0": 0.8425869345664978
        }
    }
}