chain_id,residue_number,residue_identifier,amino_acid_3letter,amino_acid_1letter,binding_probability
A,291,A291,LYS,K,0.5417662858963013
A,643,A643,ASP,D,0.5128650665283203
A,724,A724,ILE,I,0.6087838411331177
A,725,A725,CYS,C,0.7597189545631409
A,726,A726,GLY,G,0.7900823950767517
A,957,A957,SER,S,0.5023423433303833
A,958,A958,VAL,V,0.7353700399398804
A,959,A959,LEU,L,0.8140966296195984
A,982,A982,ARG,R,0.7686930298805237
