chain_id,residue_number,residue_identifier,amino_acid_3letter,amino_acid_1letter,binding_probability
A,33,A33,HIS,H,0.5280814170837402
A,65,A65,ASN,N,0.5073515772819519
A,390,A390,LYS,K,0.6317265629768372
A,392,A392,ASP,D,0.6488888263702393
A,444,A444,ARG,R,0.5148977041244507
A,447,A447,LYS,K,0.5109623670578003
A,448,A448,LEU,L,0.7093556523323059
A,449,A449,ARG,R,0.6298916339874268
A,452,A452,GLU,E,0.7870983481407166
A,453,A453,ARG,R,0.6037370562553406
A,484,A484,TYR,Y,0.6514016389846802
A,722,A722,MET,M,0.6809689998626709
A,726,A726,GLY,G,0.6755352020263672
A,727,A727,ASP,D,0.7845269441604614
A,811,A811,ALA,A,0.6589683890342712
A,836,A836,LYS,K,0.6931598782539368
A,837,A837,PHE,F,0.8984048366546631
A,838,A838,ASN,N,0.8502063155174255
A,840,A840,LEU,L,0.6009926199913025
A,841,A841,THR,T,0.6471341252326965
A,889,A889,ASN,N,0.5526636242866516
A,894,A894,THR,T,0.8196238875389099
A,895,A895,GLN,Q,0.7432180643081665
A,938,A938,ALA,A,0.6077633500099182
A,939,A939,GLN,Q,0.7416103482246399
A,941,A941,LEU,L,0.6032004356384277
A,942,A942,ASN,N,0.9342033267021179
A,943,A943,THR,T,0.848519504070282
A,945,A945,VAL,V,0.912266731262207
A,946,A946,LYS,K,0.8900328874588013
A,947,A947,GLN,Q,0.7421068549156189
A,948,A948,LEU,L,0.7963954210281372
A,949,A949,SER,S,0.7935935258865356
A,950,A950,SER,S,0.5301716923713684
A,957,A957,SER,S,0.7768053412437439
A,958,A958,VAL,V,0.8642465472221375
A,959,A959,LEU,L,0.7423721551895142
A,960,A960,ASN,N,0.8218364715576172
A,961,A961,ASP,D,0.5555446147918701
A,982,A982,ARG,R,0.7570589184761047
