chain_id,residue_number,residue_identifier,amino_acid_3letter,amino_acid_1letter,binding_probability
A,396,A396,GLN,Q,0.6515128016471863
A,689,A689,TYR,Y,0.6254042387008667
A,880,A880,PHE,F,0.8722987771034241
A,883,A883,GLN,Q,0.6780130863189697
A,884,A884,MET,M,0.9336608052253723
A,887,A887,ARG,R,0.8993040323257446
A,909,A909,PHE,F,0.5644251108169556
A,1031,A1031,LEU,L,0.6132147908210754
A,1034,A1034,PHE,F,0.6331480741500854
