{
    "confidence_score": 0.867262065410614,
    "ptm": 0.8731540441513062,
    "iptm": 0.0,
    "ligand_iptm": 0.0,
    "protein_iptm": 0.0,
    "complex_plddt": 0.8657891154289246,
    "complex_iplddt": 0.8657891154289246,
    "complex_pde": 0.574052631855011,
    "complex_ipde": 0.0,
    "chains_ptm": {
        "0": 0.8731540441513062
    },
    "pair_chains_iptm": {
        "0": {
            "0": 0.8731540441513062
        }
    }
}