chain_id,residue_number,residue_identifier,amino_acid_3letter,amino_acid_1letter,binding_probability
A,1113,A1113,LYS,K,0.7467690110206604
A,1114,A1114,LYS,K,0.666023313999176
A,1115,A1115,ASP,D,0.9814248085021973
A,1116,A1116,SER,S,0.9649197459220886
A,1117,A1117,PRO,P,0.9841163754463196
A,1118,A1118,VAL,V,0.9052924513816833
A,1173,A1173,ASN,N,0.7698277831077576
A,1174,A1174,LEU,L,0.8657991290092468
A,1175,A1175,ASN,N,0.6126877069473267
A,1176,A1176,GLN,Q,0.9143015742301941
A,1178,A1178,TRP,W,0.9614203572273254
A,1181,A1181,TYR,Y,0.9343231320381165
A,1183,A1183,TYR,Y,0.9619974493980408
A,1186,A1186,PHE,F,0.5561138987541199
A,1191,A1191,GLU,E,0.7098544836044312
A,1192,A1192,LYS,K,0.8333507776260376
A,1193,A1193,LEU,L,0.61822909116745
A,1194,A1194,PHE,F,0.9826428890228271
A,1196,A1196,ALA,A,0.9516177177429199
A,1197,A1197,PRO,P,0.9843376278877258
A,1198,A1198,ILE,I,0.8268766403198242
A,1199,A1199,SER,S,0.9618322253227234
A,1200,A1200,ASP,D,0.9080385565757751
A,1201,A1201,SER,S,0.9446547627449036
A,1202,A1202,ASP,D,0.516204833984375
A,1203,A1203,GLU,E,0.9529240727424622
A,1204,A1204,PHE,F,0.9869036674499512
A,1249,A1249,VAL,V,0.5510678887367249
