chain_id,residue_number,residue_identifier,amino_acid_3letter,amino_acid_1letter,binding_probability
A,919,A919,PHE,F,0.5178290009498596
A,938,A938,LYS,K,0.5037670731544495
A,1010,A1010,ASN,N,0.6111628413200378
A,1015,A1015,LYS,K,0.5545895099639893
A,1065,A1065,GLU,E,0.7147843837738037
