{
    "confidence_score": 0.8430342674255371,
    "ptm": 0.8692185282707214,
    "iptm": 0.0,
    "ligand_iptm": 0.0,
    "protein_iptm": 0.0,
    "complex_plddt": 0.8364881873130798,
    "complex_iplddt": 0.8364881873130798,
    "complex_pde": 0.5746198892593384,
    "complex_ipde": 0.0,
    "chains_ptm": {
        "0": 0.8692185282707214
    },
    "pair_chains_iptm": {
        "0": {
            "0": 0.8692185282707214
        }
    }
}