{
    "confidence_score": 0.5759178400039673,
    "ptm": 0.5488346815109253,
    "iptm": 0.0,
    "ligand_iptm": 0.0,
    "protein_iptm": 0.0,
    "complex_plddt": 0.5826886296272278,
    "complex_iplddt": 0.5826886296272278,
    "complex_pde": 2.415811777114868,
    "complex_ipde": 0.0,
    "chains_ptm": {
        "0": 0.5488346815109253
    },
    "pair_chains_iptm": {
        "0": {
            "0": 0.5488346815109253
        }
    }
}