chain_id,residue_number,residue_identifier,amino_acid_3letter,amino_acid_1letter,binding_probability
A,225,A225,ASP,D,0.5979684591293335
A,329,A329,GLY,G,0.5442216396331787
A,387,A387,CYS,C,0.5988617539405823
A,389,A389,TYR,Y,0.5615334510803223
A,390,A390,SER,S,0.6024971008300781
A,405,A405,SER,S,0.5505396723747253
A,406,A406,HIS,H,0.5195587277412415
A,530,A530,GLN,Q,0.5840969681739807
