{
    "plddt": 27.78436279296875,
    "gpde": 4.2279276847839355,
    "ptm": 0.20290476083755493,
    "iptm": 0.0,
    "chain_gpde": [
        4.2279276847839355
    ],
    "chain_pair_gpde": [
        [
            0.0
        ]
    ],
    "chain_ptm": [
        0.20290476083755493
    ],
    "chain_iptm": [
        0.0
    ],
    "chain_pair_iptm": [
        [
            0.0
        ]
    ],
    "chain_pair_iptm_global": [
        [
            0.0
        ]
    ],
    "chain_plddt": [
        0.2778436243534088
    ],
    "chain_pair_plddt": [
        [
            0.0
        ]
    ],
    "has_clash": false,
    "disorder": 0.0,
    "ranking_score": 0.040580954402685165,
    "num_recycles": 10
}