{
    "affinity_pred_value": -2.3581528663635254,
    "affinity_probability_binary": 0.6554166078567505,
    "affinity_pred_value1": 0.07902874052524567,
    "affinity_probability_binary1": 0.5671571493148804,
    "affinity_pred_value2": -1.96763277053833,
    "affinity_probability_binary2": 0.7436760067939758
}