{
    "confidence_score": 0.9160663485527039,
    "ptm": 0.9178934097290039,
    "iptm": 0.9624730348587036,
    "ligand_iptm": 0.9624730348587036,
    "protein_iptm": 0.0,
    "complex_plddt": 0.9044647216796875,
    "complex_iplddt": 0.9316998720169067,
    "complex_pde": 0.5469309091567993,
    "complex_ipde": 1.5361298322677612,
    "chains_ptm": {
        "0": 0.91708904504776,
        "1": 0.9316295385360718
    },
    "pair_chains_iptm": {
        "0": {
            "0": 0.91708904504776,
            "1": 0.7185015678405762
        },
        "1": {
            "0": 0.9624730348587036,
            "1": 0.9316295385360718
        }
    }
}