{
    "plddt": 58.159645080566406,
    "gpde": 1.5954265594482422,
    "ptm": 0.6520963907241821,
    "iptm": 0.39809343218803406,
    "chain_gpde": [
        1.4042234420776367,
        1.150816559791565
    ],
    "chain_pair_gpde": [
        [
            0.0,
            6.0730299949646
        ],
        [
            6.0730299949646,
            0.0
        ]
    ],
    "chain_ptm": [
        0.6637181043624878,
        0.06708063185214996
    ],
    "chain_iptm": [
        0.39809343218803406,
        0.39809343218803406
    ],
    "chain_pair_iptm": [
        [
            0.0,
            0.39809343218803406
        ],
        [
            0.39809343218803406,
            0.0
        ]
    ],
    "chain_pair_iptm_global": [
        [
            0.0,
            0.39809343218803406
        ],
        [
            0.39809343218803406,
            0.0
        ]
    ],
    "chain_plddt": [
        0.5965534448623657,
        0.38832515478134155
    ],
    "chain_pair_plddt": [
        [
            0.0,
            0.5815964341163635
        ],
        [
            0.5815964341163635,
            0.0
        ]
    ],
    "has_clash": false,
    "disorder": 0.0,
    "ranking_score": 0.44889402389526367,
    "num_recycles": 10
}