chain_id,residue_number,residue_identifier,amino_acid_3letter,amino_acid_1letter,binding_probability
B,87,B87,ILE,I,0.5550020933151245
B,89,B89,PHE,F,0.8056026101112366
B,91,B91,ALA,A,0.5746834874153137
B,101,B101,TRP,W,0.8332852721214294
B,103,B103,PHE,F,0.8908362984657288
B,222,B222,LEU,L,0.7456624507904053
B,225,B225,GLY,G,0.6812129616737366
B,226,B226,ILE,I,0.5301031470298767
B,884,B884,MET,M,0.8758893609046936
B,887,B887,ARG,R,0.7800087928771973
B,909,B909,PHE,F,0.5978222489356995
B,988,B988,THR,T,0.7267425656318665
