chain_id,residue_number,residue_identifier,amino_acid_3letter,amino_acid_1letter,binding_probability
B,37,B37,MET,M,0.5886743068695068
B,62,B62,PHE,F,0.6682655215263367
B,119,B119,ASN,N,0.6113266348838806
B,123,B123,VAL,V,0.6405932307243347
B,214,B214,ASN,N,0.5201043486595154
B,274,B274,ASP,D,0.6102936267852783
B,275,B275,ALA,A,0.619405210018158
B,276,B276,VAL,V,0.5124900937080383
B,293,B293,PHE,F,0.6236700415611267
B,326,B326,GLY,G,0.5784958600997925
B,329,B329,PHE,F,0.5899993777275085
B,330,B330,ASN,N,0.5177818536758423
B,355,B355,LEU,L,0.5219452977180481
B,358,B358,SER,S,0.7093821167945862
B,361,B361,PHE,F,0.5274263620376587
B,424,B424,ASN,N,0.5231488943099976
B,575,B575,PRO,P,0.5727840065956116
B,692,B692,ASN,N,0.6801666617393494
B,758,B758,ARG,R,0.5369508266448975
B,761,B761,ARG,R,0.5794373750686646
B,985,B985,SER,S,0.6030278205871582
B,988,B988,THR,T,0.509098470211029
B,1055,B1055,ARG,R,0.665344774723053
B,1056,B1056,ASN,N,0.8068667650222778
B,1057,B1057,PHE,F,0.8504343628883362
B,1058,B1058,THR,T,0.8337993025779724
B,1078,B1078,VAL,V,0.7419312596321106
B,1079,B1079,PHE,F,0.7708016633987427
B,1080,B1080,ASN,N,0.8719787001609802
B,1081,B1081,GLY,G,0.808209240436554
