{
    "confidence_score": 0.7180958986282349,
    "ptm": 0.7690421342849731,
    "iptm": 0.0,
    "ligand_iptm": 0.0,
    "protein_iptm": 0.0,
    "complex_plddt": 0.7053593397140503,
    "complex_iplddt": 0.7053593397140503,
    "complex_pde": 1.3976367712020874,
    "complex_ipde": 0.0,
    "chains_ptm": {
        "0": 0.7690421342849731
    },
    "pair_chains_iptm": {
        "0": {
            "0": 0.7690421342849731
        }
    }
}