{
    "plddt": 28.099151611328125,
    "gpde": 4.214430809020996,
    "ptm": 0.17022472620010376,
    "iptm": 0.11780160665512085,
    "chain_gpde": [
        3.8869032859802246,
        3.8813390731811523
    ],
    "chain_pair_gpde": [
        [
            0.0,
            13.322372436523438
        ],
        [
            13.322372436523438,
            0.0
        ]
    ],
    "chain_ptm": [
        0.18268626928329468,
        0.18311166763305664
    ],
    "chain_iptm": [
        0.11780160665512085,
        0.11780160665512085
    ],
    "chain_pair_iptm": [
        [
            0.0,
            0.11780160665512085
        ],
        [
            0.11780160665512085,
            0.0
        ]
    ],
    "chain_pair_iptm_global": [
        [
            0.0,
            0.11780160665512085
        ],
        [
            0.11780160665512085,
            0.0
        ]
    ],
    "chain_plddt": [
        0.28082552552223206,
        0.281157523393631
    ],
    "chain_pair_plddt": [
        [
            0.0,
            0.2809915244579315
        ],
        [
            0.2809915244579315,
            0.0
        ]
    ],
    "has_clash": false,
    "disorder": 0.0,
    "ranking_score": 0.1282862275838852,
    "num_recycles": 10
}