{
    "plddt": 26.800907135009766,
    "gpde": 6.793903350830078,
    "ptm": 0.2063302993774414,
    "iptm": 0.18552258610725403,
    "chain_gpde": [
        5.975455284118652,
        5.960655689239502,
        5.952179431915283,
        5.948738098144531
    ],
    "chain_pair_gpde": [
        [
            0.0,
            17.649063110351562,
            18.102540969848633,
            18.486801147460938
        ],
        [
            17.649063110351562,
            0.0,
            18.489831924438477,
            18.089706420898438
        ],
        [
            18.102540969848633,
            18.489831924438477,
            0.0,
            17.651350021362305
        ],
        [
            18.486801147460938,
            18.089706420898438,
            17.651350021362305,
            0.0
        ]
    ],
    "chain_ptm": [
        0.1748853176832199,
        0.17498987913131714,
        0.17508037388324738,
        0.17519351840019226
    ],
    "chain_iptm": [
        0.122956782579422,
        0.12291785329580307,
        0.12282495200634003,
        0.12284539639949799
    ],
    "chain_pair_iptm": [
        [
            0.0,
            0.12400545179843903,
            0.12339677661657333,
            0.12146811932325363
        ],
        [
            0.12400545179843903,
            0.0,
            0.1213790699839592,
            0.12336905300617218
        ],
        [
            0.12339677661657333,
            0.1213790699839592,
            0.0,
            0.12369899451732635
        ],
        [
            0.12146811932325363,
            0.12336905300617218,
            0.12369899451732635,
            0.0
        ]
    ],
    "chain_pair_iptm_global": [
        [
            0.0,
            0.12293732166290283,
            0.12289086729288101,
            0.12290108948945999
        ],
        [
            0.12293732166290283,
            0.0,
            0.12287139892578125,
            0.12288162112236023
        ],
        [
            0.12289086729288101,
            0.12287139892578125,
            0.0,
            0.122835174202919
        ],
        [
            0.12290108948945999,
            0.12288162112236023,
            0.122835174202919,
            0.0
        ]
    ],
    "chain_plddt": [
        0.26788192987442017,
        0.26810595393180847,
        0.267909973859787,
        0.2681387960910797
    ],
    "chain_pair_plddt": [
        [
            0.0,
            0.26799383759498596,
            0.2678959369659424,
            0.26801007986068726
        ],
        [
            0.26799383759498596,
            0.0,
            0.2680080831050873,
            0.2681223750114441
        ],
        [
            0.2678959369659424,
            0.2680080831050873,
            0.0,
            0.26802438497543335
        ],
        [
            0.26801007986068726,
            0.2681223750114441,
            0.26802438497543335,
            0.0
        ]
    ],
    "has_clash": false,
    "disorder": 0.0,
    "ranking_score": 0.18968412280082703,
    "num_recycles": 10
}