{
    "confidence_score": 0.8250238299369812,
    "ptm": 0.8228772282600403,
    "iptm": 0.0,
    "ligand_iptm": 0.0,
    "protein_iptm": 0.0,
    "complex_plddt": 0.825560450553894,
    "complex_iplddt": 0.825560450553894,
    "complex_pde": 0.5929896831512451,
    "complex_ipde": 0.0,
    "chains_ptm": {
        "0": 0.8228772282600403
    },
    "pair_chains_iptm": {
        "0": {
            "0": 0.8228772282600403
        }
    }
}