{
    "confidence_score": 0.5427424311637878,
    "ptm": 0.5593620538711548,
    "iptm": 0.0,
    "ligand_iptm": 0.0,
    "protein_iptm": 0.0,
    "complex_plddt": 0.5385875701904297,
    "complex_iplddt": 0.5385875701904297,
    "complex_pde": 2.434427499771118,
    "complex_ipde": 0.0,
    "chains_ptm": {
        "0": 0.5593620538711548
    },
    "pair_chains_iptm": {
        "0": {
            "0": 0.5593620538711548
        }
    }
}