chain_id,residue_number,residue_identifier,amino_acid_3letter,amino_acid_1letter,binding_probability
C,337,C337,VAL,V,0.8469552993774414
C,340,C340,TRP,W,0.7814306020736694
C,385,C385,ASP,D,0.5685362815856934
C,387,C387,PHE,F,0.7304778695106506
C,389,C389,VAL,V,0.5854803323745728
C,396,C396,GLN,Q,0.8404031991958618
C,406,C406,ALA,A,0.577667772769928
C,409,C409,ASN,N,0.6643096208572388
C,410,C410,TYR,Y,0.9554657340049744
C,412,C412,LEU,L,0.9097458124160767
C,413,C413,PRO,P,0.5974127650260925
C,440,C440,TYR,Y,0.836482584476471
C,481,C481,TYR,Y,0.6924468278884888
C,764,C764,PHE,F,0.5117816925048828
C,884,C884,MET,M,0.6040670275688171
C,909,C909,PHE,F,0.6589974761009216
