chain_id,residue_number,residue_identifier,amino_acid_3letter,amino_acid_1letter,binding_probability
C,312,C312,ASP,D,0.5306299328804016
C,560,C560,ASP,D,0.6254432797431946
C,787,C787,ILE,I,0.938788652420044
C,788,C788,LEU,L,0.6344466805458069
C,789,C789,PRO,P,0.579201340675354
C,798,C798,SER,S,0.8530548810958862
C,801,C801,GLU,E,0.6750239133834839
C,856,C856,THR,T,0.8474580645561218
C,857,C857,ALA,A,0.720832109451294
C,860,C860,VAL,V,0.8060024976730347
C,1035,C1035,PRO,P,0.8260932564735413
C,1036,C1036,GLN,Q,0.8750553727149963
