chain_id,residue_number,residue_identifier,amino_acid_3letter,amino_acid_1letter,binding_probability
C,48,C48,ARG,R,0.5608198642730713
C,63,C63,TYR,Y,0.5164326429367065
C,119,C119,ASN,N,0.5142725706100464
C,183,C183,ARG,R,0.5431251525878906
C,198,C198,LYS,K,0.5369910597801208
C,309,C309,PRO,P,0.5010972023010254
C,312,C312,ASP,D,0.5939403176307678
C,333,C333,LYS,K,0.5462081432342529
C,426,C426,ARG,R,0.5065450072288513
C,427,C427,ASN,N,0.6266679167747498
C,434,C434,GLY,G,0.537760853767395
C,435,C435,ASN,N,0.6252384781837463
C,436,C436,TYR,Y,0.5787361860275269
C,437,C437,ASN,N,0.6733294725418091
C,526,C526,ASN,N,0.5457102060317993
C,1080,C1080,ASN,N,0.5041518807411194
