chain_id,residue_number,residue_identifier,amino_acid_3letter,amino_acid_1letter,binding_probability
C,32,C32,GLN,Q,0.5126412510871887
C,118,C118,ASN,N,0.6070110201835632
C,120,C120,SER,S,0.6853501200675964
C,121,C121,THR,T,0.7807215452194214
C,122,C122,ASN,N,0.6425604224205017
C,698,C698,THR,T,0.6613221764564514
C,889,C889,ASN,N,0.7980585694313049
C,891,C891,ILE,I,0.6724498867988586
C,892,C892,GLY,G,0.5886821746826172
C,893,C893,VAL,V,0.8426579833030701
C,894,C894,THR,T,0.9555831551551819
C,895,C895,GLN,Q,0.9569911956787109
C,896,C896,ASN,N,0.9370332956314087
C,897,C897,VAL,V,0.8355433344841003
C,899,C899,TYR,Y,0.6225937008857727
C,900,C900,GLU,E,0.8405275940895081
C,1055,C1055,ARG,R,0.769199013710022
C,1074,C1074,GLU,E,0.5466083884239197
C,1087,C1087,THR,T,0.6552048921585083
C,1088,C1088,GLN,Q,0.9328386187553406
C,1090,C1090,ASN,N,0.6940563321113586
C,1091,C1091,PHE,F,0.8004177808761597
C,1092,C1092,PHE,F,0.7930081486701965
C,1093,C1093,SER,S,0.8814252018928528
C,1094,C1094,PRO,P,0.6851430535316467
