{
    "plddt": 30.657207489013672,
    "gpde": 3.793414354324341,
    "ptm": 0.253273069858551,
    "iptm": 0.0,
    "chain_gpde": [
        3.793414354324341
    ],
    "chain_pair_gpde": [
        [
            0.0
        ]
    ],
    "chain_ptm": [
        0.253273069858551
    ],
    "chain_iptm": [
        0.0
    ],
    "chain_pair_iptm": [
        [
            0.0
        ]
    ],
    "chain_pair_iptm_global": [
        [
            0.0
        ]
    ],
    "chain_plddt": [
        0.3065720796585083
    ],
    "chain_pair_plddt": [
        [
            0.0
        ]
    ],
    "has_clash": false,
    "disorder": 0.0,
    "ranking_score": 0.050654616206884384,
    "num_recycles": 10
}