{
    "confidence_score": 0.6881653666496277,
    "ptm": 0.6765188574790955,
    "iptm": 0.0,
    "ligand_iptm": 0.0,
    "protein_iptm": 0.0,
    "complex_plddt": 0.691076934337616,
    "complex_iplddt": 0.691076934337616,
    "complex_pde": 1.2759966850280762,
    "complex_ipde": 0.0,
    "chains_ptm": {
        "0": 0.6765188574790955
    },
    "pair_chains_iptm": {
        "0": {
            "0": 0.6765188574790955
        }
    }
}