{
    "plddt": 38.313926696777344,
    "gpde": 3.769070625305176,
    "ptm": 0.2982725203037262,
    "iptm": 0.15836064517498016,
    "chain_gpde": [
        3.316319704055786,
        3.3170557022094727
    ],
    "chain_pair_gpde": [
        [
            0.0,
            14.840926170349121
        ],
        [
            14.840926170349121,
            0.0
        ]
    ],
    "chain_ptm": [
        0.3771517872810364,
        0.3769087493419647
    ],
    "chain_iptm": [
        0.15836064517498016,
        0.15836064517498016
    ],
    "chain_pair_iptm": [
        [
            0.0,
            0.15836064517498016
        ],
        [
            0.15836064517498016,
            0.0
        ]
    ],
    "chain_pair_iptm_global": [
        [
            0.0,
            0.15836064517498016
        ],
        [
            0.15836064517498016,
            0.0
        ]
    ],
    "chain_plddt": [
        0.3831203281879425,
        0.38315823674201965
    ],
    "chain_pair_plddt": [
        [
            0.0,
            0.3831392824649811
        ],
        [
            0.3831392824649811,
            0.0
        ]
    ],
    "has_clash": false,
    "disorder": 0.0,
    "ranking_score": 0.1863430291414261,
    "num_recycles": 10
}