{
    "confidence_score": 0.6356245875358582,
    "ptm": 0.6133198738098145,
    "iptm": 0.0,
    "ligand_iptm": 0.0,
    "protein_iptm": 0.0,
    "complex_plddt": 0.6412007212638855,
    "complex_iplddt": 0.6412007212638855,
    "complex_pde": 1.8374767303466797,
    "complex_ipde": 0.0,
    "chains_ptm": {
        "0": 0.6133198738098145
    },
    "pair_chains_iptm": {
        "0": {
            "0": 0.6133198738098145
        }
    }
}