chain_id,residue_number,residue_identifier,amino_acid_3letter,amino_acid_1letter,binding_probability
A,150,A150,THR,T,0.5320128798484802
A,151,A151,SER,S,0.892967939376831
A,152,A152,LEU,L,0.5118178725242615
A,153,A153,SER,S,0.844426691532135
A,166,A166,ARG,R,0.7885037660598755
A,169,A169,GLN,Q,0.5168243646621704
A,170,A170,ARG,R,0.8491981029510498
A,172,A172,GLN,Q,0.5964582562446594
A,173,A173,PRO,P,0.5686448216438293
A,174,A174,GLN,Q,0.5999872088432312
A,175,A175,LYS,K,0.5566794276237488
A,189,A189,ASP,D,0.5541232228279114
A,193,A193,LYS,K,0.7276333570480347
A,252,A252,ARG,R,0.7128452062606812
A,256,A256,ARG,R,0.6955642700195312
A,273,A273,THR,T,0.5327535271644592
A,294,A294,ARG,R,0.5691969990730286
A,654,A654,ARG,R,0.8263296484947205
A,686,A686,LEU,L,0.5166440606117249
A,692,A692,LEU,L,0.512919545173645
