{
    "confidence_score": 0.8981143832206726,
    "ptm": 0.9123489856719971,
    "iptm": 0.9674442410469055,
    "ligand_iptm": 0.9674442410469055,
    "protein_iptm": 0.0,
    "complex_plddt": 0.880781888961792,
    "complex_iplddt": 0.928077220916748,
    "complex_pde": 0.5074607729911804,
    "complex_ipde": 1.4177846908569336,
    "chains_ptm": {
        "0": 0.913673460483551,
        "1": 0.934788703918457
    },
    "pair_chains_iptm": {
        "0": {
            "0": 0.913673460483551,
            "1": 0.7039669752120972
        },
        "1": {
            "0": 0.9674442410469055,
            "1": 0.934788703918457
        }
    }
}