{
    "affinity_pred_value": -2.3794913291931152,
    "affinity_probability_binary": 0.6363045573234558,
    "affinity_pred_value1": -0.1709021031856537,
    "affinity_probability_binary1": 0.5973787903785706,
    "affinity_pred_value2": -1.7589256763458252,
    "affinity_probability_binary2": 0.6752303242683411
}