{
    "confidence_score": 0.9016438722610474,
    "ptm": 0.9140084385871887,
    "iptm": 0.9567503333091736,
    "ligand_iptm": 0.9567503333091736,
    "protein_iptm": 0.0,
    "complex_plddt": 0.8878672122955322,
    "complex_iplddt": 0.9192736744880676,
    "complex_pde": 0.6017357707023621,
    "complex_ipde": 1.7892098426818848,
    "chains_ptm": {
        "0": 0.9151409268379211,
        "1": 0.9259681701660156
    },
    "pair_chains_iptm": {
        "0": {
            "0": 0.9151409268379211,
            "1": 0.6765316128730774
        },
        "1": {
            "0": 0.9567503333091736,
            "1": 0.9259681701660156
        }
    }
}