{
    "affinity_pred_value": -2.7481231689453125,
    "affinity_probability_binary": 0.6982646584510803,
    "affinity_pred_value1": -0.2871193289756775,
    "affinity_probability_binary1": 0.6344712972640991,
    "affinity_pred_value2": -2.3548617362976074,
    "affinity_probability_binary2": 0.7620580196380615
}