{
    "confidence_score": 0.704162061214447,
    "ptm": 0.45777636766433716,
    "iptm": 0.0,
    "ligand_iptm": 0.0,
    "protein_iptm": 0.0,
    "complex_plddt": 0.7657585144042969,
    "complex_iplddt": 0.7657585144042969,
    "complex_pde": 1.1180436611175537,
    "complex_ipde": 0.0,
    "chains_ptm": {
        "0": 0.45777636766433716
    },
    "pair_chains_iptm": {
        "0": {
            "0": 0.45777636766433716
        }
    }
}