chain_id,residue_number,residue_identifier,amino_acid_3letter,amino_acid_1letter,binding_probability
A,15,A15,TRP,W,0.6757270693778992
A,16,A16,THR,T,0.7115541100502014
A,17,A17,TYR,Y,0.7034754157066345
A,18,A18,GLN,Q,0.5492346286773682
A,38,A38,HIS,H,0.5138717889785767
A,40,A40,THR,T,0.6191927790641785
A,41,A41,ASN,N,0.5172414779663086
A,44,A44,ALA,A,0.5797884464263916
A,62,A62,TRP,W,0.5549938082695007
A,66,A66,TYR,Y,0.6204633712768555
A,77,A77,TYR,Y,0.5971878170967102
A,81,A81,LYS,K,0.583416223526001
A,109,A109,ALA,A,0.5161628723144531
A,113,A113,ARG,R,0.5786867737770081
A,122,A122,GLU,E,0.5906150937080383
A,140,A140,ASN,N,0.5760315656661987
A,147,A147,GLU,E,0.5284745693206787
A,154,A154,GLU,E,0.5578658580780029
A,164,A164,HIS,H,0.5302073955535889
A,171,A171,THR,T,0.5798928141593933
A,189,A189,LYS,K,0.6289907097816467
A,201,A201,GLU,E,0.5740121006965637
