chain_id,residue_number,residue_identifier,amino_acid_3letter,amino_acid_1letter,binding_probability
A,191,A191,HIS,H,0.5175352096557617
A,290,A290,ARG,R,0.5139582753181458
A,291,A291,ILE,I,0.5999233722686768
A,292,A292,LEU,L,0.7610815167427063
A,295,A295,HIS,H,0.7401309013366699
A,313,A313,GLU,E,0.9474247694015503
A,314,A314,ARG,R,0.8128378987312317
A,317,A317,ASP,D,0.8534873723983765
A,320,A320,ARG,R,0.7753037810325623
A,437,A437,THR,T,0.6273732781410217
A,438,A438,ASN,N,0.6311931610107422
A,441,A441,ALA,A,0.5123022198677063
A,453,A453,PRO,P,0.5284057855606079
A,555,A555,ASP,D,0.5783892869949341
