chain_id,residue_number,residue_identifier,amino_acid_3letter,amino_acid_1letter,binding_probability
A,323,A323,PRO,P,0.5306203961372375
A,324,A324,LYS,K,0.6853366494178772
A,325,A325,SER,S,0.6770330667495728
A,326,A326,ASN,N,0.7162044048309326
A,328,A328,GLY,G,0.5804252028465271
A,329,A329,GLY,G,0.5128106474876404
A,331,A331,ASN,N,0.6570853590965271
