chain_id,residue_number,residue_identifier,amino_acid_3letter,amino_acid_1letter,binding_probability
A,377,A377,TYR,Y,0.5272012948989868
A,381,A381,ASN,N,0.5281504988670349
A,433,A433,ASP,D,0.7006686329841614
A,434,A434,GLN,Q,0.5555986166000366
A,435,A435,ARG,R,0.5396872162818909
A,478,A478,ASN,N,0.5908741354942322
A,480,A480,ARG,R,0.5688031911849976
A,519,A519,TRP,W,0.5315029621124268
