{
    "plddt": 34.735931396484375,
    "gpde": 3.0921630859375,
    "ptm": 0.31193840503692627,
    "iptm": 0.11527135223150253,
    "chain_gpde": [
        2.6808362007141113,
        3.007622241973877
    ],
    "chain_pair_gpde": [
        [
            0.0,
            12.334611892700195
        ],
        [
            12.334611892700195,
            0.0
        ]
    ],
    "chain_ptm": [
        0.40983346104621887,
        0.2541256248950958
    ],
    "chain_iptm": [
        0.11527135223150253,
        0.11527135223150253
    ],
    "chain_pair_iptm": [
        [
            0.0,
            0.11527135223150253
        ],
        [
            0.11527135223150253,
            0.0
        ]
    ],
    "chain_pair_iptm_global": [
        [
            0.0,
            0.11527135223150253
        ],
        [
            0.11527135223150253,
            0.0
        ]
    ],
    "chain_plddt": [
        0.369536429643631,
        0.31948238611221313
    ],
    "chain_pair_plddt": [
        [
            0.0,
            0.3473593294620514
        ],
        [
            0.3473593294620514,
            0.0
        ]
    ],
    "has_clash": false,
    "disorder": 0.0,
    "ranking_score": 0.15460476279258728,
    "num_recycles": 10
}