{
    "confidence_score": 0.7092735171318054,
    "ptm": 0.6354513168334961,
    "iptm": 0.0,
    "ligand_iptm": 0.0,
    "protein_iptm": 0.0,
    "complex_plddt": 0.7277290225028992,
    "complex_iplddt": 0.7277290225028992,
    "complex_pde": 1.1455039978027344,
    "complex_ipde": 0.0,
    "chains_ptm": {
        "0": 0.6354513168334961
    },
    "pair_chains_iptm": {
        "0": {
            "0": 0.6354513168334961
        }
    }
}