{
    "plddt": 29.885929107666016,
    "gpde": 4.783971309661865,
    "ptm": 0.20662158727645874,
    "iptm": 0.1482754647731781,
    "chain_gpde": [
        4.614307880401611,
        2.4290692806243896,
        4.606688499450684,
        2.429257392883301
    ],
    "chain_pair_gpde": [
        [
            0.0,
            16.733970642089844,
            15.98413372039795,
            16.318960189819336
        ],
        [
            16.733970642089844,
            0.0,
            16.298381805419922,
            15.864032745361328
        ],
        [
            15.98413372039795,
            16.298381805419922,
            0.0,
            16.729948043823242
        ],
        [
            16.318960189819336,
            15.864032745361328,
            16.729948043823242,
            0.0
        ]
    ],
    "chain_ptm": [
        0.23417486250400543,
        0.38049930334091187,
        0.23330014944076538,
        0.3809467852115631
    ],
    "chain_iptm": [
        0.10581807792186737,
        0.08279407024383545,
        0.10578553378582001,
        0.08285532146692276
    ],
    "chain_pair_iptm": [
        [
            0.0,
            0.09637469053268433,
            0.1262483447790146,
            0.094831183552742
        ],
        [
            0.09637469053268433,
            0.0,
            0.09469050168991089,
            0.05731702223420143
        ],
        [
            0.1262483447790146,
            0.09469050168991089,
            0.0,
            0.09641774743795395
        ],
        [
            0.094831183552742,
            0.05731702223420143,
            0.09641774743795395,
            0.0
        ]
    ],
    "chain_pair_iptm_global": [
        [
            0.0,
            0.09430607408285141,
            0.10580180585384369,
            0.09433670341968536
        ],
        [
            0.09430607408285141,
            0.0,
            0.09428980201482773,
            0.0828246921300888
        ],
        [
            0.10580180585384369,
            0.09428980201482773,
            0.0,
            0.09432043135166168
        ],
        [
            0.09433670341968536,
            0.0828246921300888,
            0.09432043135166168,
            0.0
        ]
    ],
    "chain_plddt": [
        0.2798590660095215,
        0.35541829466819763,
        0.2801167368888855,
        0.355368971824646
    ],
    "chain_pair_plddt": [
        [
            0.0,
            0.29874885082244873,
            0.27998772263526917,
            0.2987365424633026
        ],
        [
            0.29874885082244873,
            0.0,
            0.29898229241371155,
            0.3553936183452606
        ],
        [
            0.27998772263526917,
            0.29898229241371155,
            0.0,
            0.29896992444992065
        ],
        [
            0.2987365424633026,
            0.3553936183452606,
            0.29896992444992065,
            0.0
        ]
    ],
    "has_clash": false,
    "disorder": 0.0,
    "ranking_score": 0.15994468331336975,
    "num_recycles": 10
}