{
    "confidence_score": 0.4158249497413635,
    "ptm": 0.36429905891418457,
    "iptm": 0.0,
    "ligand_iptm": 0.0,
    "protein_iptm": 0.0,
    "complex_plddt": 0.42870640754699707,
    "complex_iplddt": 0.42870640754699707,
    "complex_pde": 3.3798983097076416,
    "complex_ipde": 0.0,
    "chains_ptm": {
        "0": 0.36429905891418457
    },
    "pair_chains_iptm": {
        "0": {
            "0": 0.36429905891418457
        }
    }
}