{
    "plddt": 26.978221893310547,
    "gpde": 5.043225288391113,
    "ptm": 0.19914215803146362,
    "iptm": 0.1425103396177292,
    "chain_gpde": [
        4.71923303604126,
        4.697614669799805
    ],
    "chain_pair_gpde": [
        [
            0.0,
            15.157268524169922
        ],
        [
            15.157268524169922,
            0.0
        ]
    ],
    "chain_ptm": [
        0.2096453607082367,
        0.20781908929347992
    ],
    "chain_iptm": [
        0.1425103396177292,
        0.1425103396177292
    ],
    "chain_pair_iptm": [
        [
            0.0,
            0.1425103396177292
        ],
        [
            0.1425103396177292,
            0.0
        ]
    ],
    "chain_pair_iptm_global": [
        [
            0.0,
            0.1425103396177292
        ],
        [
            0.1425103396177292,
            0.0
        ]
    ],
    "chain_plddt": [
        0.26970767974853516,
        0.26985788345336914
    ],
    "chain_pair_plddt": [
        [
            0.0,
            0.2697822153568268
        ],
        [
            0.2697822153568268,
            0.0
        ]
    ],
    "has_clash": false,
    "disorder": 0.0,
    "ranking_score": 0.1538366973400116,
    "num_recycles": 10
}