{
    "plddt": 28.995895385742188,
    "gpde": 4.1543121337890625,
    "ptm": 0.20087236166000366,
    "iptm": 0.15095917880535126,
    "chain_gpde": [
        3.714747667312622,
        3.7100279331207275,
        1.3129287958145142,
        1.314521312713623
    ],
    "chain_pair_gpde": [
        [
            0.0,
            13.7918062210083,
            12.639728546142578,
            12.54189682006836
        ],
        [
            13.7918062210083,
            0.0,
            12.546293258666992,
            12.651141166687012
        ],
        [
            12.639728546142578,
            12.546293258666992,
            0.0,
            12.930395126342773
        ],
        [
            12.54189682006836,
            12.651141166687012,
            12.930395126342773,
            0.0
        ]
    ],
    "chain_ptm": [
        0.18956342339515686,
        0.18993933498859406,
        0.420396089553833,
        0.41960078477859497
    ],
    "chain_iptm": [
        0.10865835845470428,
        0.1088251993060112,
        0.09260650724172592,
        0.09242668002843857
    ],
    "chain_pair_iptm": [
        [
            0.0,
            0.12353867292404175,
            0.10118721425533295,
            0.10124915838241577
        ],
        [
            0.12353867292404175,
            0.0,
            0.10176917910575867,
            0.10116774588823318
        ],
        [
            0.10118721425533295,
            0.10176917910575867,
            0.0,
            0.07486312091350555
        ],
        [
            0.10124915838241577,
            0.10116774588823318,
            0.07486312091350555,
            0.0
        ]
    ],
    "chain_pair_iptm_global": [
        [
            0.0,
            0.10874177515506744,
            0.1006324291229248,
            0.10054251551628113
        ],
        [
            0.10874177515506744,
            0.0,
            0.10071585327386856,
            0.10062593966722488
        ],
        [
            0.1006324291229248,
            0.10071585327386856,
            0.0,
            0.09251659363508224
        ],
        [
            0.10054251551628113,
            0.10062593966722488,
            0.09251659363508224,
            0.0
        ]
    ],
    "chain_plddt": [
        0.27444857358932495,
        0.27451571822166443,
        0.3479391038417816,
        0.347680002450943
    ],
    "chain_pair_plddt": [
        [
            0.0,
            0.2744821608066559,
            0.2899598181247711,
            0.2899051308631897
        ],
        [
            0.2744821608066559,
            0.0,
            0.29001277685165405,
            0.28995808959007263
        ],
        [
            0.2899598181247711,
            0.29001277685165405,
            0.0,
            0.3478095531463623
        ],
        [
            0.2899051308631897,
            0.28995808959007263,
            0.3478095531463623,
            0.0
        ]
    ],
    "has_clash": false,
    "disorder": 0.0,
    "ranking_score": 0.16094182431697845,
    "num_recycles": 10
}