{
    "plddt": 40.31536865234375,
    "gpde": 3.689470052719116,
    "ptm": 0.24397413432598114,
    "iptm": 0.15159429609775543,
    "chain_gpde": [
        4.35286808013916,
        1.3865197896957397,
        2.398822546005249
    ],
    "chain_pair_gpde": [
        [
            0.0,
            16.300304412841797,
            15.417362213134766
        ],
        [
            16.300304412841797,
            0.0,
            17.33333969116211
        ],
        [
            15.417362213134766,
            17.33333969116211,
            0.0
        ]
    ],
    "chain_ptm": [
        0.21278169751167297,
        0.43843719363212585,
        0.441151887178421
    ],
    "chain_iptm": [
        0.12387897074222565,
        0.11282645165920258,
        0.1073516458272934
    ],
    "chain_pair_iptm": [
        [
            0.0,
            0.12935377657413483,
            0.11840417236089706
        ],
        [
            0.12935377657413483,
            0.0,
            0.09629912674427032
        ],
        [
            0.11840417236089706,
            0.09629912674427032,
            0.0
        ]
    ],
    "chain_pair_iptm_global": [
        [
            0.0,
            0.11835271120071411,
            0.11561530828475952
        ],
        [
            0.11835271120071411,
            0.0,
            0.11008904874324799
        ],
        [
            0.11561530828475952,
            0.11008904874324799,
            0.0
        ]
    ],
    "chain_plddt": [
        0.28615155816078186,
        0.5873203277587891,
        0.45682990550994873
    ],
    "chain_pair_plddt": [
        [
            0.0,
            0.3847191631793976,
            0.3438371419906616
        ],
        [
            0.3847191631793976,
            0.0,
            0.5205036401748657
        ],
        [
            0.3438371419906616,
            0.5205036401748657,
            0.0
        ]
    ],
    "has_clash": false,
    "disorder": 0.0,
    "ranking_score": 0.17007026076316833,
    "num_recycles": 10
}