chain_id,residue_number,residue_identifier,amino_acid_3letter,amino_acid_1letter,binding_probability
A,218,A218,THR,T,0.5799323320388794
A,219,A219,ASP,D,0.5921291708946228
A,224,A224,MET,M,0.5412545204162598
A,225,A225,ASP,D,0.6267399191856384
A,226,A226,GLU,E,0.6048989295959473
A,227,A227,GLY,G,0.5031207203865051
A,236,A236,ARG,R,0.5285384654998779
A,240,A240,CYS,C,0.5568938851356506
A,241,A241,SER,S,0.5478360652923584
A,242,A242,ARG,R,0.5207200646400452
A,297,A297,VAL,V,0.5510812401771545
A,299,A299,THR,T,0.6285538673400879
A,300,A300,VAL,V,0.5596467852592468
A,302,A302,ASP,D,0.6184276938438416
A,305,A305,LEU,L,0.511518120765686
A,306,A306,ASN,N,0.5939915180206299
A,308,A308,THR,T,0.6200317740440369
A,309,A309,TYR,Y,0.6159194707870483
A,310,A310,TRP,W,0.5049135684967041
A,311,A311,SER,S,0.5145352482795715
A,323,A323,PRO,P,0.6675047874450684
A,324,A324,LYS,K,0.6647337675094604
A,327,A327,GLY,G,0.676089346408844
A,328,A328,GLY,G,0.7209908962249756
A,329,A329,GLY,G,0.6963750720024109
A,331,A331,ASN,N,0.6995010375976562
A,332,A332,GLN,Q,0.5486673712730408
A,344,A344,ARG,R,0.599682629108429
A,404,A404,ASN,N,0.5183924436569214
A,405,A405,SER,S,0.5091856718063354
A,406,A406,HIS,H,0.5601610541343689
A,430,A430,GLU,E,0.6710584759712219
A,468,A468,ASP,D,0.5643195509910583
A,470,A470,LEU,L,0.5096354484558105
A,473,A473,ASN,N,0.5845077633857727
A,478,A478,ASN,N,0.5606490969657898
A,480,A480,ARG,R,0.5276483297348022
A,484,A484,VAL,V,0.5751339197158813
A,485,A485,ILE,I,0.5390646457672119
A,492,A492,GLN,Q,0.5102068185806274
A,494,A494,PRO,P,0.6100368499755859
A,495,A495,ARG,R,0.6509451866149902
A,496,A496,PHE,F,0.6386228203773499
A,497,A497,ASN,N,0.558598518371582
A,498,A498,THR,T,0.597589373588562
A,499,A499,CYS,C,0.5984897017478943
A,501,A501,GLU,E,0.5032082796096802
A,519,A519,TRP,W,0.5650202631950378
A,527,A527,ASP,D,0.6833404898643494
A,528,A528,SER,S,0.7038487792015076
A,529,A529,ASN,N,0.7150157690048218
A,530,A530,GLN,Q,0.595792829990387
A,531,A531,THR,T,0.5549909472465515
A,545,A545,ILE,I,0.6566463708877563
A,548,A548,ARG,R,0.6096261143684387
A,565,A565,CYS,C,0.5444439053535461
A,566,A566,PHE,F,0.6342471241950989
