chain_id,residue_number,residue_identifier,amino_acid_3letter,amino_acid_1letter,binding_probability
A,97,A97,ASP,D,0.5519720911979675
A,389,A389,PHE,F,0.6798025965690613
A,391,A391,HIS,H,0.8657343983650208
A,392,A392,ASP,D,0.8307565450668335
A,405,A405,ILE,I,0.5760951042175293
A,407,A407,ARG,R,0.5664936304092407
A,424,A424,ASN,N,0.5483130216598511
A,516,A516,LYS,K,0.7911243438720703
A,523,A523,VAL,V,0.8664130568504333
A,524,A524,ASN,N,0.8665679097175598
A,525,A525,SER,S,0.8963571786880493
A,526,A526,LYS,K,0.9155369997024536
A,534,A534,LYS,K,0.5807477831840515
