chain_id,residue_number,residue_identifier,amino_acid_3letter,amino_acid_1letter,binding_probability
A,1,A1,GLY,G,0.7661429047584534
A,4,A4,ASP,D,0.6619023680686951
A,47,A47,ASP,D,0.8500939607620239
A,49,A49,ASP,D,0.9251461029052734
A,99,A99,ALA,A,0.5918193459510803
A,100,A100,GLU,E,0.9563884139060974
A,103,A103,LYS,K,0.9197346568107605
A,105,A105,GLU,E,0.5718657374382019
A,110,A110,LEU,L,0.6953485012054443
A,286,A286,ALA,A,0.6448995471000671
A,289,A289,ILE,I,0.810538113117218
A,290,A290,ASP,D,0.6134646534919739
A,344,A344,ILE,I,0.6121100187301636
A,347,A347,VAL,V,0.6585345268249512
A,348,A348,GLY,G,0.7580298185348511
A,349,A349,GLU,E,0.8509905934333801
A,350,A350,LEU,L,0.7236877679824829
A,391,A391,HIS,H,0.5040903687477112
A,423,A423,GLU,E,0.5115824937820435
