{
    "confidence_score": 0.8841876983642578,
    "ptm": 0.8932542204856873,
    "iptm": 0.0,
    "ligand_iptm": 0.0,
    "protein_iptm": 0.0,
    "complex_plddt": 0.881921112537384,
    "complex_iplddt": 0.881921112537384,
    "complex_pde": 0.549187183380127,
    "complex_ipde": 0.0,
    "chains_ptm": {
        "0": 0.8932542204856873
    },
    "pair_chains_iptm": {
        "0": {
            "0": 0.8932542204856873
        }
    }
}