{
    "plddt": 26.854341506958008,
    "gpde": 5.015307903289795,
    "ptm": 0.19651852548122406,
    "iptm": 0.14305849373340607,
    "chain_gpde": [
        4.6816864013671875,
        4.686488151550293
    ],
    "chain_pair_gpde": [
        [
            0.0,
            14.953847885131836
        ],
        [
            14.953847885131836,
            0.0
        ]
    ],
    "chain_ptm": [
        0.19762608408927917,
        0.19772234559059143
    ],
    "chain_iptm": [
        0.14305849373340607,
        0.14305849373340607
    ],
    "chain_pair_iptm": [
        [
            0.0,
            0.14305849373340607
        ],
        [
            0.14305849373340607,
            0.0
        ]
    ],
    "chain_pair_iptm_global": [
        [
            0.0,
            0.14305849373340607
        ],
        [
            0.14305849373340607,
            0.0
        ]
    ],
    "chain_plddt": [
        0.26914182305336,
        0.2679436206817627
    ],
    "chain_pair_plddt": [
        [
            0.0,
            0.26854342222213745
        ],
        [
            0.26854342222213745,
            0.0
        ]
    ],
    "has_clash": false,
    "disorder": 0.0,
    "ranking_score": 0.15375050902366638,
    "num_recycles": 10
}