{
    "confidence_score": 0.9218081831932068,
    "ptm": 0.936144232749939,
    "iptm": 0.9672528505325317,
    "ligand_iptm": 0.9672528505325317,
    "protein_iptm": 0.0,
    "complex_plddt": 0.9104469418525696,
    "complex_iplddt": 0.9321831464767456,
    "complex_pde": 0.4972915053367615,
    "complex_ipde": 1.3593889474868774,
    "chains_ptm": {
        "0": 0.9368420243263245,
        "1": 0.9366776943206787
    },
    "pair_chains_iptm": {
        "0": {
            "0": 0.9368420243263245,
            "1": 0.7666804194450378
        },
        "1": {
            "0": 0.9672528505325317,
            "1": 0.9366776943206787
        }
    }
}