{
    "affinity_pred_value": -2.799490451812744,
    "affinity_probability_binary": 0.7370448112487793,
    "affinity_pred_value1": -0.6749497652053833,
    "affinity_probability_binary1": 0.7070253491401672,
    "affinity_pred_value2": -2.066267490386963,
    "affinity_probability_binary2": 0.7670642137527466
}