{
    "plddt": 26.349214553833008,
    "gpde": 4.548318386077881,
    "ptm": 0.19124731421470642,
    "iptm": 0.11972363293170929,
    "chain_gpde": [
        4.702558994293213,
        3.21928071975708
    ],
    "chain_pair_gpde": [
        [
            0.0,
            14.595197677612305
        ],
        [
            14.595197677612305,
            0.0
        ]
    ],
    "chain_ptm": [
        0.19573025405406952,
        0.25758278369903564
    ],
    "chain_iptm": [
        0.11972363293170929,
        0.11972363293170929
    ],
    "chain_pair_iptm": [
        [
            0.0,
            0.11972363293170929
        ],
        [
            0.11972363293170929,
            0.0
        ]
    ],
    "chain_pair_iptm_global": [
        [
            0.0,
            0.11972363293170929
        ],
        [
            0.11972363293170929,
            0.0
        ]
    ],
    "chain_plddt": [
        0.2560148537158966,
        0.28561946749687195
    ],
    "chain_pair_plddt": [
        [
            0.0,
            0.2634921371936798
        ],
        [
            0.2634921371936798,
            0.0
        ]
    ],
    "has_clash": false,
    "disorder": 0.0,
    "ranking_score": 0.1340283751487732,
    "num_recycles": 10
}