{
    "plddt": 37.397377014160156,
    "gpde": 2.9355640411376953,
    "ptm": 0.30004236102104187,
    "iptm": 0.1459975689649582,
    "chain_gpde": [
        2.5027267932891846,
        2.7527706623077393
    ],
    "chain_pair_gpde": [
        [
            0.0,
            11.91885757446289
        ],
        [
            11.91885757446289,
            0.0
        ]
    ],
    "chain_ptm": [
        0.3558642864227295,
        0.359920471906662
    ],
    "chain_iptm": [
        0.1459975689649582,
        0.1459975689649582
    ],
    "chain_pair_iptm": [
        [
            0.0,
            0.1459975689649582
        ],
        [
            0.1459975689649582,
            0.0
        ]
    ],
    "chain_pair_iptm_global": [
        [
            0.0,
            0.1459975689649582
        ],
        [
            0.1459975689649582,
            0.0
        ]
    ],
    "chain_plddt": [
        0.3885922133922577,
        0.35343146324157715
    ],
    "chain_pair_plddt": [
        [
            0.0,
            0.3739737868309021
        ],
        [
            0.3739737868309021,
            0.0
        ]
    ],
    "has_clash": false,
    "disorder": 0.0,
    "ranking_score": 0.17680653929710388,
    "num_recycles": 10
}