chain_id,residue_number,residue_identifier,amino_acid_3letter,amino_acid_1letter,binding_probability
A,79,A79,PHE,F,0.5817316770553589
A,82,A82,LEU,L,0.6132490634918213
A,155,A155,GLN,Q,0.7243009209632874
A,180,A180,ILE,I,0.5526518821716309
A,205,A205,LEU,L,0.5090373754501343
A,308,A308,MET,M,0.5357891321182251
A,342,A342,PRO,P,0.5993307828903198
A,375,A375,VAL,V,0.8742180466651917
A,416,A416,ARG,R,0.5716423392295837
A,663,A663,CYS,C,0.5361641645431519
A,664,A664,CYS,C,0.6130524277687073
A,693,A693,PRO,P,0.6514387726783752
