{
    "plddt": 30.78074836730957,
    "gpde": 3.6347217559814453,
    "ptm": 0.240391343832016,
    "iptm": 0.0,
    "chain_gpde": [
        3.6347217559814453
    ],
    "chain_pair_gpde": [
        [
            0.0
        ]
    ],
    "chain_ptm": [
        0.240391343832016
    ],
    "chain_iptm": [
        0.0
    ],
    "chain_pair_iptm": [
        [
            0.0
        ]
    ],
    "chain_pair_iptm_global": [
        [
            0.0
        ]
    ],
    "chain_plddt": [
        0.30780747532844543
    ],
    "chain_pair_plddt": [
        [
            0.0
        ]
    ],
    "has_clash": false,
    "disorder": 0.0,
    "ranking_score": 0.0480782687664032,
    "num_recycles": 10
}