{
    "confidence_score": 0.8707025647163391,
    "ptm": 0.8912832736968994,
    "iptm": 0.0,
    "ligand_iptm": 0.0,
    "protein_iptm": 0.0,
    "complex_plddt": 0.8655573129653931,
    "complex_iplddt": 0.8655573129653931,
    "complex_pde": 0.5031059980392456,
    "complex_ipde": 0.0,
    "chains_ptm": {
        "0": 0.8912832736968994
    },
    "pair_chains_iptm": {
        "0": {
            "0": 0.8912832736968994
        }
    }
}