{
    "confidence_score": 0.9254833459854126,
    "ptm": 0.9203049540519714,
    "iptm": 0.0,
    "ligand_iptm": 0.0,
    "protein_iptm": 0.0,
    "complex_plddt": 0.9267779588699341,
    "complex_iplddt": 0.9267779588699341,
    "complex_pde": 0.5605484843254089,
    "complex_ipde": 0.0,
    "chains_ptm": {
        "0": 0.9203049540519714
    },
    "pair_chains_iptm": {
        "0": {
            "0": 0.9203049540519714
        }
    }
}